sample,context,ground.truth
MLH1G_10.,G[C>A]A,TRUE
MLH1G_10.,C[C>A]T,TRUE
MLH1G_10.,G[C>T]A,TRUE
MLH1G_10.,T[C>G]C,TRUE
MLH1G_10.,A[C>T]G,TRUE
MLH1G_10.,C[C>T]G,TRUE
MLH1G_10.,T[C>T]C,TRUE
MLH1G_10.,G[C>T]G,TRUE
MLH1G_10.,C[C>A]T,TRUE
MLH1G_10.,G[C>T]G,TRUE
MLH1G_10.,A[C>T]A,TRUE
MLH1G_10.,A[T>C]T,TRUE
MLH1G_10.,A[C>T]C,TRUE
MLH1G_10.,G[C>T]G,TRUE
MLH1G_10.,T[C>T]C,FALSE
MLH1G_10.,A[C>T]G,TRUE
MLH1G_10.,C[C>T]G,TRUE
MLH1G_10.,C[T>C]G,TRUE
MLH1G_10.,A[C>T]G,TRUE
MLH1G_10.,G[T>C]T,TRUE
MLH1G_10.,A[T>C]A,TRUE
MLH1G_10.,T[T>C]T,TRUE
MLH1G_10.,G[C>G]C,TRUE
MLH1G_10.,G[C>T]T,TRUE
MLH1G_10.,G[C>T]C,TRUE
MLH1G_10.,C[C>A]T,TRUE
MLH1G_10.,C[C>A]C,TRUE
MLH1G_10.,G[C>T]C,TRUE
MLH1G_10.,A[T>G]C,TRUE
MLH1G_10.,C[T>C]G,TRUE
MLH1G_10.,G[C>T]G,TRUE
MLH1G_10.,G[C>G]A,TRUE
MLH1G_10.,C[C>G]A,TRUE
MLH1G_10.,G[C>T]G,TRUE
MLH1G_10.,T[T>G]A,TRUE
MLH1G_10.,A[T>G]G,TRUE
MLH1G_10.,A[T>G]G,TRUE
MLH1G_10.,T[T>C]T,TRUE
MLH1G_10.,A[C>T]G,TRUE
MLH1G_10.,C[C>T]A,FALSE
MLH1G_10.,C[T>C]G,TRUE
MLH1G_10.,T[T>C]C,TRUE
MLH1G_10.,G[T>C]C,TRUE
MLH1G_10.,G[T>C]C,TRUE
MLH1G_10.,C[T>C]G,TRUE
MLH1G_10.,G[C>T]A,TRUE
MLH1G_10.,C[T>C]G,TRUE
MLH1G_10.,C[C>T]G,TRUE
MLH1G_10.,T[C>G]A,TRUE
MLH1G_10.,G[C>T]G,TRUE
MLH1G_10.,A[T>C]G,TRUE
MLH1G_10.,T[C>G]C,TRUE
MLH1G_10.,G[C>A]T,TRUE
MLH1G_10.,G[C>T]C,TRUE
MLH1G_10.,T[C>T]A,TRUE
MLH1G_10.,C[T>C]C,TRUE
MLH1G_10.,G[C>T]T,FALSE
MLH1G_10.,T[C>T]G,TRUE
MLH1G_10.,C[C>T]G,TRUE
MLH1G_10.,G[C>T]G,TRUE
MLH1G_10.,T[C>T]T,TRUE
MLH1G_10.,G[C>T]A,TRUE
MLH1G_10.,C[C>T]G,FALSE
MLH1G_10.,A[T>A]A,TRUE
MLH1G_10.,C[C>T]T,TRUE
MLH1G_10.,T[C>T]G,TRUE
MLH1G_10.,C[C>T]G,TRUE
MLH1G_10.,C[C>G]C,TRUE
MLH1G_10.,C[C>T]G,TRUE
MLH1G_10.,T[C>T]G,TRUE
MLH1G_10.,C[T>C]A,TRUE
MLH1G_10.,G[C>T]T,TRUE
MLH1G_10.,G[T>C]T,FALSE
MLH1G_10.,A[C>T]G,FALSE
MLH1G_10.,G[C>T]C,TRUE
MLH1G_10.,T[C>T]G,TRUE
MLH1G_10.,G[C>T]C,TRUE
MLH1G_10.,G[C>T]G,TRUE
MLH1G_10.,A[C>T]C,TRUE
MLH1G_10.,G[C>T]G,TRUE
MLH1G_10.,C[T>C]G,TRUE
MLH1G_10.,C[C>T]G,TRUE
MLH1G_10.,C[C>T]G,TRUE
MLH1G_10.,A[T>C]T,TRUE
MLH1G_10.,C[T>G]C,TRUE
MLH1G_10.,C[C>A]A,TRUE
MLH1G_10.,A[C>T]G,TRUE
MLH1G_10.,T[C>T]A,TRUE
MLH1G_10.,C[C>T]G,TRUE
MLH1G_10.,G[C>T]A,FALSE
MLH1G_10.,A[T>G]T,TRUE
MLH1G_10.,A[T>A]C,FALSE
MLH1G_10.,A[T>C]G,TRUE
MLH1G_10.,T[T>C]G,TRUE
MLH1G_10.,G[C>T]A,FALSE
MLH1G_10.,G[C>A]A,FALSE
MLH1G_10.,G[T>C]G,FALSE
MLH1G_10.,A[T>C]A,FALSE
MLH1G_10.,A[C>A]A,TRUE
MLH1G_10.,A[C>T]G,TRUE
MLH1G_10.,G[C>T]G,TRUE
MLH1G_10.,C[C>T]A,TRUE
MLH1G_10.,G[T>C]T,FALSE
MLH1G_10.,C[T>C]G,TRUE
MLH1G_10.,G[T>C]A,TRUE
MLH1G_10.,g[C>T]a,FALSE
MLH1G_10.,A[C>T]G,TRUE
MLH1G_10.,T[T>C]G,TRUE
MLH1G_10.,G[C>T]C,TRUE
MLH1G_10.,G[C>T]G,TRUE
MLH1G_10.,T[T>C]C,TRUE
MLH1G_10.,T[T>C]G,TRUE
MLH1G_10.,G[T>C]C,TRUE
MLH1G_10.,C[T>C]G,TRUE
MLH1G_10.,G[C>T]T,TRUE
MLH1G_10.,T[C>T]G,TRUE
MLH1G_10.,G[C>T]A,TRUE
MLH1G_10.,G[C>T]G,TRUE
MLH1G_10.,G[T>C]T,TRUE
MLH1G_10.,G[C>T]G,TRUE
MLH1G_10.,A[C>T]G,TRUE
MLH1G_10.,C[T>C]T,TRUE
MLH1G_10.,C[T>A]A,FALSE
MLH1G_10.,T[C>T]A,FALSE
MLH1G_10.,A[C>T]A,FALSE
MLH1G_10.,A[C>T]T,FALSE
MLH1G_10.,G[C>T]C,FALSE
MLH1G_10.,A[T>C]A,FALSE
MLH1G_10.,G[T>A]G,FALSE
MLH1G_10.,A[C>T]T,FALSE
MLH1G_10.,A[C>G]A,FALSE
MLH1G_10.,A[C>T]C,FALSE
MLH1G_10.,G[C>G]A,FALSE
MLH1G_10.,G[T>A]A,FALSE
MLH1G_10.,G[T>C]T,FALSE
MLH1G_10.,T[T>C]T,FALSE
MLH1G_10.,G[T>G]T,FALSE
MLH1G_10.,G[C>A]T,FALSE
MLH1G_10.,A[C>T]C,FALSE
MLH1G_10.,G[C>T]G,TRUE
MLH1G_10.,T[T>C]T,TRUE
MLH1G_10.,C[C>T]G,TRUE
MLH1G_10.,G[C>T]G,TRUE
MLH1G_10.,G[C>T]G,TRUE
MLH1G_10.,C[T>C]A,TRUE
MLH1G_10.,g[T>C]g,FALSE
MLH1G_10.,A[C>T]G,TRUE
MLH1G_10.,G[T>C]G,FALSE
MLH1G_10.,A[C>T]C,TRUE
MLH1G_10.,G[C>T]A,TRUE
MLH1G_10.,A[C>G]T,FALSE
MLH1G_10.,G[C>T]C,TRUE
MLH1G_10.,G[C>T]G,TRUE
MLH1G_10.,G[C>T]C,TRUE
MLH1G_10.,G[C>T]G,TRUE
MLH1G_10.,G[C>T]G,TRUE
MLH1G_10.,C[C>A]G,FALSE
MLH1G_10.,G[C>T]G,TRUE
MLH1G_10.,G[C>T]G,TRUE
MLH1G_10.,C[C>T]A,FALSE
MLH1G_10.,T[C>T]C,TRUE
MLH1G_10.,C[C>T]G,TRUE
MLH1G_10.,G[T>C]G,FALSE
MLH1G_10.,G[T>C]T,TRUE
MLH1G_10.,G[C>T]G,TRUE
MLH1G_10.,t[T>G]T,TRUE
MLH1G_10.,G[C>G]C,TRUE
MLH1G_10.,T[C>T]T,FALSE
MLH1G_10.,C[C>T]A,FALSE
MLH1G_10.,C[T>C]G,FALSE
MLH1G_10.,G[T>C]C,TRUE
MLH1G_10.,G[C>T]C,TRUE
MLH1G_10.,G[C>A]C,TRUE
MLH1G_10.,G[C>T]G,TRUE
MLH1G_10.,C[C>T]G,TRUE
MLH1G_10.,C[C>T]C,TRUE
MLH1G_10.,C[T>G]G,TRUE
MLH1G_10.,C[T>C]A,TRUE
MLH1G_10.,A[C>T]G,TRUE
MLH1G_10.,G[C>T]G,TRUE
MLH1G_10.,G[C>T]G,TRUE
MLH1G_10.,A[C>G]C,TRUE
MLH1G_10.,C[C>T]C,FALSE
MLH1G_10.,A[C>T]G,TRUE
MLH1G_10.,C[T>G]T,FALSE
MLH1G_10.,A[C>T]T,TRUE
MLH1G_10.,A[C>A]C,FALSE
MLH1G_10.,G[C>T]G,TRUE
MLH1G_10.,G[C>T]G,TRUE
MLH1G_10.,T[C>T]G,TRUE
MLH1G_10.,G[C>T]T,TRUE
MLH1G_10.,G[C>T]G,TRUE
MLH1G_10.,C[T>A]T,FALSE
MLH1G_10.,A[T>C]A,TRUE
MLH1G_10.,A[C>T]G,FALSE
MLH1G_10.,C[C>T]G,TRUE
MLH1G_10.,C[T>C]G,TRUE
MLH1G_10.,G[C>T]C,TRUE
MLH1G_10.,A[C>T]G,TRUE
MLH1G_10.,G[C>T]G,TRUE
MLH1G_10.,T[C>T]C,TRUE
MLH1G_10.,C[T>C]T,TRUE
MLH1G_10.,G[C>T]G,TRUE
MLH1G_10.,T[C>G]G,TRUE
MLH1G_10.,T[C>A]T,TRUE
MLH1G_10.,G[C>T]A,TRUE
MLH1G_10.,G[C>T]G,TRUE
MLH1G_10.,T[C>T]C,TRUE
MLH1G_10.,A[C>T]G,TRUE
MLH1G_10.,T[C>T]A,FALSE
MLH1G_10.,G[C>T]T,TRUE
MLH1G_10.,A[C>T]G,TRUE
MLH1G_10.,G[C>T]G,FALSE
MLH1G_10.,A[C>T]G,FALSE
MLH1G_10.,G[C>T]C,TRUE
MLH1G_10.,G[C>T]G,TRUE
MLH1G_10.,G[C>T]G,TRUE
MLH1G_10.,G[T>C]A,TRUE
MLH1G_10.,G[C>T]G,TRUE
MLH1G_10.,A[C>T]G,TRUE
MLH1G_10.,C[C>T]G,TRUE
MLH1G_10.,G[C>T]G,TRUE
MLH1G_10.,G[C>T]A,TRUE
MLH1G_10.,c[C>G]t,TRUE
MLH1G_10.,G[C>T]G,TRUE
MLH1G_10.,G[C>T]C,FALSE
MLH1G_10.,A[T>C]G,TRUE
MLH1G_10.,G[C>T]G,TRUE
MLH1G_10.,A[T>C]G,TRUE
MLH1G_10.,T[C>T]G,TRUE
MLH1G_10.,C[C>T]G,TRUE
MLH1G_10.,G[C>T]G,TRUE
MLH1G_10.,C[C>T]G,TRUE
MLH1G_10.,G[C>T]G,TRUE
MLH1G_10.,C[C>A]T,TRUE
MLH1G_10.,G[C>T]T,TRUE
MLH1G_10.,C[T>C]G,TRUE
MLH1G_10.,A[T>A]C,TRUE
MLH1G_10.,G[C>T]C,TRUE
MLH1G_10.,C[T>C]T,FALSE
MLH1G_10.,T[T>C]A,FALSE
MLH1G_10.,G[C>T]C,TRUE
MLH1G_10.,T[T>C]A,TRUE
MLH1G_10.,C[C>T]G,TRUE
MLH1G_10.,G[C>T]G,TRUE
MLH1G_10.,A[C>T]G,TRUE
MLH1G_10.,A[T>C]C,TRUE
MLH1G_10.,G[C>T]G,TRUE
MLH1G_10.,G[C>T]G,TRUE
MLH1G_10.,T[C>T]G,TRUE
MLH1G_10.,G[T>C]A,FALSE
MLH1G_10.,A[T>A]T,FALSE
MLH1G_10.,A[T>A]C,FALSE
MLH1G_10.,C[T>A]A,FALSE
MLH1G_10.,A[T>C]T,FALSE
MLH1G_10.,T[C>T]T,FALSE
MLH1G_10.,T[T>C]T,FALSE
MLH1G_10.,T[T>C]A,FALSE
MLH1G_10.,T[T>G]A,FALSE
MLH1G_10.,A[C>G]A,FALSE
MLH1G_10.,A[C>A]C,FALSE
MLH1G_10.,A[C>T]C,FALSE
MLH1G_10.,G[C>G]A,FALSE
MLH1G_10.,A[T>C]C,TRUE
MLH1G_10.,A[T>C]G,TRUE
MLH1G_10.,G[T>C]G,FALSE
MLH1G_10.,G[T>C]C,TRUE
MLH1G_10.,C[T>C]G,TRUE
MLH1G_10.,T[C>T]A,FALSE
MLH1G_10.,T[T>C]G,TRUE
MLH1G_10.,G[C>T]T,TRUE
MLH1G_10.,T[T>C]G,TRUE
MLH1G_10.,A[T>C]A,TRUE
MLH1G_10.,G[T>C]A,TRUE
MLH1G_10.,T[C>T]T,FALSE
MLH1G_10.,C[C>T]G,TRUE
MLH1G_10.,A[C>A]T,TRUE
MLH1G_10.,T[C>T]G,FALSE
MLH1G_10.,G[C>T]C,TRUE
MLH1G_10.,G[C>T]G,TRUE
MLH1G_10.,G[T>C]A,FALSE
MLH1G_10.,T[C>A]T,TRUE
MLH1G_10.,T[C>T]C,TRUE
MLH1G_10.,G[T>C]T,TRUE
MLH1G_10.,G[C>T]G,TRUE
MLH1G_10.,G[C>T]G,FALSE
MLH1G_10.,G[C>T]C,TRUE
MLH1G_10.,C[C>T]G,TRUE
MLH1G_10.,A[T>A]C,TRUE
MLH1G_10.,G[C>T]T,TRUE
MLH1G_10.,C[C>T]G,TRUE
MLH1G_10.,G[C>T]G,TRUE
MLH1G_10.,C[T>C]G,TRUE
MLH1G_10.,C[T>C]T,TRUE
MLH1G_10.,C[C>T]T,FALSE
MLH1G_10.,C[T>C]G,TRUE
MLH1G_10.,G[C>T]G,TRUE
MLH1G_10.,G[T>C]A,FALSE
MLH1G_10.,T[T>A]C,FALSE
MLH1G_10.,C[T>C]C,TRUE
MLH1G_10.,G[C>T]C,TRUE
MLH1G_10.,C[T>C]G,FALSE
MLH1G_10.,G[C>G]T,FALSE
MLH1G_10.,C[C>T]G,FALSE
MLH1G_10.,A[T>A]G,FALSE
MLH1G_10.,C[C>A]T,FALSE
MLH1G_10.,C[T>C]T,FALSE
MLH1G_10.,T[C>G]C,FALSE
MLH1G_10.,G[C>T]T,FALSE
MLH1G_10.,C[T>C]G,FALSE
MLH1G_10.,A[T>C]T,FALSE
MLH1G_10.,C[C>T]T,FALSE
MLH1G_10.,C[C>T]C,FALSE
MLH1G_10.,T[T>G]C,FALSE
MLH1G_10.,C[T>C]A,FALSE
MLH1G_10.,T[C>T]C,FALSE
MLH1G_10.,G[T>C]T,FALSE
MLH1G_10.,A[C>G]C,FALSE
MLH1G_10.,A[C>T]A,FALSE
MLH1G_10.,A[C>T]C,FALSE
MLH1G_10.,G[C>A]A,FALSE
MLH1G_10.,C[T>A]A,FALSE
MLH1G_10.,G[C>T]A,FALSE
MLH1G_10.,C[C>G]T,FALSE
MLH1G_10.,C[C>T]G,FALSE
MLH1G_10.,G[T>G]G,TRUE
MLH1G_10.,G[C>A]C,TRUE
MLH1G_10.,G[C>T]G,TRUE
MLH1G_10.,G[C>T]C,TRUE
MLH1G_10.,C[C>A]T,TRUE
MLH1G_10.,G[C>T]C,TRUE
MLH1G_10.,C[C>A]C,TRUE
MLH1G_10.,A[C>T]G,TRUE
MLH1G_10.,C[C>A]A,FALSE
MLH1G_10.,A[C>T]G,TRUE
MLH1G_10.,A[C>T]G,TRUE
MLH1G_10.,G[T>C]G,TRUE
MLH1G_10.,C[C>T]G,TRUE
MLH1G_10.,G[T>C]A,TRUE
MLH1G_10.,C[C>A]G,TRUE
MLH1G_10.,G[T>G]A,TRUE
MLH1G_10.,T[T>C]C,TRUE
MLH1G_10.,C[T>C]G,TRUE
MLH1G_10.,C[C>T]G,TRUE
MLH1G_10.,G[C>T]C,FALSE
MLH1G_10.,C[C>T]G,TRUE
MLH1G_10.,T[T>A]C,TRUE
MLH1G_10.,G[C>T]G,TRUE
MLH1G_10.,G[T>C]G,TRUE
MLH1G_10.,G[C>T]G,TRUE
MLH1G_10.,T[T>C]G,TRUE
MLH1G_10.,G[C>T]G,TRUE
MLH1G_10.,G[C>T]G,FALSE
MLH1G_10.,C[C>T]G,TRUE
MLH1G_10.,G[C>T]G,TRUE
MLH1G_10.,G[C>T]T,FALSE
MLH1G_10.,G[T>C]A,TRUE
MLH1G_10.,A[T>A]C,TRUE
MLH1G_10.,C[T>C]G,TRUE
MLH1G_10.,G[C>T]G,TRUE
MLH1G_10.,G[C>T]G,TRUE
MLH1G_10.,A[C>T]C,FALSE
MLH1G_10.,A[C>T]G,TRUE
MLH1G_10.,A[C>T]A,TRUE
MLH1G_10.,G[C>T]C,TRUE
MLH1G_10.,G[C>T]G,TRUE
MLH1G_10.,T[C>T]A,TRUE
MLH1G_10.,T[T>C]T,FALSE
MLH1G_10.,c[T>C]g,TRUE
MLH1G_10.,G[T>C]C,FALSE
MLH1G_10.,G[C>A]A,TRUE
MLH1G_10.,G[C>T]C,TRUE
MLH1G_10.,A[C>T]A,TRUE
MLH1G_10.,G[C>G]C,FALSE
MLH1G_10.,G[T>C]T,FALSE
MLH1G_10.,C[T>C]G,TRUE
MLH1G_10.,T[T>C]C,TRUE
MLH1G_10.,C[C>A]T,TRUE
MLH1G_10.,C[C>T]G,TRUE
MLH1G_10.,G[T>C]T,TRUE
MLH1G_10.,A[T>A]A,FALSE
MLH1G_10.,C[C>T]A,FALSE
MLH1G_10.,A[C>T]C,TRUE
MLH1G_10.,A[C>T]T,FALSE
MLH1G_10.,C[C>G]G,FALSE
MLH1G_10.,T[T>G]C,TRUE
MLH1G_10.,T[T>G]A,TRUE
MLH1G_10.,C[C>A]T,FALSE
MLH1G_10.,A[C>T]G,TRUE
MLH1G_10.,C[C>A]T,TRUE
MLH1G_10.,G[T>C]A,FALSE
MLH1G_10.,C[T>C]G,TRUE
MLH1G_10.,G[C>G]A,TRUE
MLH1G_10.,G[C>T]A,TRUE
MLH1G_10.,T[T>C]G,TRUE
MLH1G_10.,G[C>T]C,TRUE
MLH1G_10.,a[T>G]c,TRUE
MLH1G_10.,C[C>T]G,TRUE
MLH1G_10.,T[C>A]T,TRUE
MLH1G_10.,A[T>A]C,TRUE
MLH1G_10.,C[C>T]A,TRUE
MLH1G_10.,T[T>C]C,TRUE
MLH1G_10.,C[C>T]G,TRUE
MLH1G_10.,C[C>T]C,TRUE
MLH1G_10.,C[C>A]A,TRUE
MLH1G_10.,C[T>C]G,TRUE
MLH1G_10.,C[C>T]G,TRUE
MLH1G_10.,C[C>T]G,TRUE
MLH1G_10.,A[C>T]G,TRUE
MLH1G_10.,A[C>A]A,TRUE
MLH1G_10.,G[C>T]G,TRUE
MLH1G_10.,C[C>T]G,TRUE
MLH1G_10.,A[C>T]G,TRUE
MLH1G_10.,G[C>T]T,TRUE
MLH1G_10.,T[T>C]T,TRUE
MLH1G_10.,T[T>C]C,TRUE
MLH1G_10.,C[C>A]C,TRUE
MLH1G_10.,T[T>C]A,TRUE
MLH1G_10.,G[C>T]G,TRUE
MLH1G_10.,A[C>A]C,TRUE
MLH1G_10.,G[C>T]G,TRUE
MLH1G_10.,T[C>T]A,FALSE
MLH1G_10.,G[C>T]A,TRUE
MLH1G_10.,G[C>T]G,TRUE
MLH1G_10.,T[C>T]C,TRUE
MLH1G_10.,A[T>C]G,TRUE
MLH1G_10.,G[C>T]A,FALSE
MLH1G_10.,G[T>C]A,TRUE
MLH1G_10.,G[C>T]A,TRUE
MLH1G_10.,G[C>G]T,FALSE
MLH1G_10.,G[C>T]C,TRUE
MLH1G_10.,T[C>T]G,TRUE
MLH1G_10.,T[T>A]C,TRUE
MLH1G_10.,T[T>C]G,TRUE
MLH1G_10.,G[C>T]G,TRUE
MLH1G_10.,C[T>C]C,TRUE
MLH1G_10.,T[T>C]T,FALSE
MLH1G_10.,T[C>T]G,TRUE
MLH1G_10.,C[T>G]T,TRUE
MLH1G_10.,C[T>G]C,TRUE
MLH1G_10.,T[T>G]C,TRUE
MLH1G_10.,C[C>T]G,FALSE
MLH1G_10.,G[C>T]G,TRUE
MLH1G_10.,T[T>C]G,TRUE
MLH1G_10.,G[C>T]G,TRUE
MLH1G_10.,C[C>A]T,TRUE
MLH1G_10.,T[C>T]T,FALSE
MLH1G_10.,G[C>T]G,TRUE
MLH1G_10.,G[C>T]T,TRUE
MLH1G_10.,T[T>C]G,TRUE
MLH1G_10.,T[C>T]C,TRUE
MLH1G_10.,G[T>C]A,TRUE
MLH1G_10.,G[C>T]C,FALSE
MLH1G_10.,C[C>T]G,TRUE
MLH1G_10.,G[C>T]C,FALSE
MLH1G_10.,T[T>C]G,TRUE
MSH2_1.,C[C>T]G,TRUE
MSH2_1.,C[C>T]G,TRUE
MSH2_1.,G[C>T]G,TRUE
MSH2_1.,G[C>T]G,TRUE
MSH2_1.,C[C>T]A,FALSE
MSH2_1.,G[C>T]C,TRUE
MSH2_1.,G[C>T]C,TRUE
MSH2_1.,G[C>T]G,FALSE
MSH2_1.,C[C>T]T,FALSE
MSH2_1.,T[C>T]G,FALSE
MSH2_1.,C[C>A]C,TRUE
MSH2_1.,T[T>A],TRUE
MSH2_1.,G[C>T]G,TRUE
MSH2_1.,C[T>C]G,FALSE
MSH2_1.,C[C>T]G,TRUE
MSH2_1.,C[C>A]T,TRUE
MSH2_1.,C[C>T]G,TRUE
MSH2_1.,G[C>T]C,TRUE
MSH2_1.,T[C>T]G,TRUE
MSH2_1.,A[C>T]G,TRUE
MSH2_1.,T[C>T]C,TRUE
MSH2_1.,A[C>T]G,TRUE
MSH2_1.,G[C>T]C,TRUE
MSH2_1.,C[C>T]G,TRUE
MSH2_1.,A[C>T]G,TRUE
MSH2_1.,T[C>T]A,FALSE
MSH2_1.,C[T>C]T,TRUE
MSH2_1.,A[C>T]G,TRUE
MSH2_1.,G[C>T]A,TRUE
MSH2_1.,A[C>T]G,TRUE
MSH2_1.,G[C>T]C,TRUE
MSH2_1.,G[C>T]C,TRUE
MSH2_1.,T[C>T]G,TRUE
MSH2_1.,G[C>A]T,TRUE
MSH2_1.,C[C>T]G,TRUE
MSH2_1.,C[C>T]T,TRUE
MSH2_1.,G[C>T]C,TRUE
MSH2_1.,T[C>T]G,TRUE
MSH2_1.,C[C>T]G,TRUE
MSH2_1.,A[C>T]G,FALSE
MSH2_1.,A[C>T]G,TRUE
MSH2_1.,G[C>T]T,TRUE
MSH2_1.,C[C>A]C,TRUE
MSH2_1.,G[C>A]T,TRUE
MSH2_1.,G[C>T]G,TRUE
MSH2_1.,C[C>T]G,TRUE
MSH2_1.,G[C>T]G,TRUE
MSH2_1.,C[C>T]G,TRUE
MSH2_1.,G[C>T]C,TRUE
MSH2_1.,A[T>C]G,TRUE
MSH2_1.,T[C>T]G,TRUE
MSH2_1.,G[C>T]T,TRUE
MSH2_1.,C[C>T]G,TRUE
MSH2_1.,C[C>T]G,TRUE
MSH2_1.,G[C>A]T,TRUE
MSH2_1.,A[C>T]G,TRUE
MSH2_1.,T[C>T]A,TRUE
MSH2_1.,A[T>G]A,TRUE
MSH2_1.,C[C>T]G,TRUE
MSH2_1.,A[C>T]G,TRUE
MSH2_1.,A[C>T]G,TRUE
MSH2_1.,C[C>T]G,TRUE
MSH2_1.,G[C>T]G,TRUE
MSH2_1.,T[C>T]G,TRUE
MSH2_1.,A[C>T]G,TRUE
MSH2_1.,G[C>T]G,TRUE
MSH2_1.,C[C>A]G,TRUE
MSH2_1.,A[C>T]T,TRUE
MSH2_1.,T[C>T]G,TRUE
MSH2_1.,G[C>T]G,TRUE
MSH2_1.,T[C>T]G,TRUE
MSH2_1.,C[C>T]G,TRUE
MSH2_1.,A[C>T]G,TRUE
MSH2_1.,T[C>T]G,TRUE
MSH2_1.,G[C>T]T,FALSE
MSH2_1.,T[C>T]A,TRUE
MSH2_1.,T[C>T]G,TRUE
MSH2_1.,A[C>T]C,FALSE
MSH2_1.,G[C>T]G,TRUE
MSH2_1.,G[C>T]G,TRUE
MSH2_1.,C[T>C]T,TRUE
MSH2_1.,C[C>T]G,TRUE
MSH2_1.,C[C>T]G,TRUE
MSH2_1.,G[C>T]G,TRUE
MSH2_1.,A[C>T]G,TRUE
MSH2_1.,G[C>T]A,TRUE
MSH2_1.,G[C>T]G,TRUE
MSH2_1.,A[T>C]T,TRUE
MSH2_1.,C[C>T]G,TRUE
MSH2_1.,T[T>C]C,TRUE
MSH2_1.,A[C>T]G,TRUE
MSH2_1.,T[C>A]T,TRUE
MSH2_1.,C[C>A]T,TRUE
MSH2_1.,C[C>T]G,FALSE
MSH2_1.,A[C>T]G,FALSE
MSH2_1.,G[C>T]G,TRUE
MSH2_1.,A[C>T]G,TRUE
MSH2_1.,G[T>C]T,TRUE
MSH2_1.,G[C>T]G,TRUE
MSH2_1.,G[T>C]G,TRUE
MSH2_1.,A[T>G]T,TRUE
MSH2_1.,c[C>T]g,TRUE
MSH2_1.,C[C>A]T,TRUE
MSH2_1.,T[C>T]G,TRUE
MSH2_1.,C[C>T]G,TRUE
MSH2_1.,T[T>C]C,TRUE
MSH2_1.,A[T>A]C,TRUE
MSH2_1.,T[C>T]G,TRUE
MSH2_1.,A[C>T]G,TRUE
MSH2_1.,T[C>T]G,TRUE
MSH2_1.,C[T>C]G,TRUE
MSH2_1.,A[C>T]G,TRUE
MSH2_1.,C[C>T]G,TRUE
MSH2_1.,G[C>T]G,FALSE
MSH2_1.,C[C>T]G,TRUE
MSH2_1.,G[C>T]G,TRUE
MSH2_1.,G[C>T]G,TRUE
MSH2_1.,A[T>C]G,TRUE
MSH2_1.,A[C>T]G,TRUE
MSH2_1.,G[C>T]G,TRUE
MSH2_1.,G[C>T]G,TRUE
MSH2_1.,G[C>T]G,TRUE
MSH2_1.,G[C>T]G,TRUE
MSH2_1.,G[T>C]G,FALSE
MSH2_1.,A[C>G]A,FALSE
MSH2_1.,G[T>A]C,FALSE
MSH2_1.,A[T>G]A,FALSE
MSH2_1.,G[C>T]C,FALSE
MSH2_1.,C[T>C]G,FALSE
MSH2_1.,G[C>G]C,FALSE
MSH2_1.,G[C>T]G,FALSE
MSH2_1.,T[T>G]T,FALSE
MSH2_1.,T[C>T]A,FALSE
MSH2_1.,T[T>G]A,FALSE
MSH2_1.,A[T>C]T,FALSE
MSH2_1.,A[T>C]A,FALSE
MSH2_1.,T[T>C]A,FALSE
MSH2_1.,G[C>T]T,FALSE
MSH2_1.,G[C>T]C,FALSE
MSH2_1.,A[T>C]C,FALSE
MSH2_1.,A[C>G]T,FALSE
MSH2_1.,A[T>C]A,FALSE
MSH2_1.,C[T>C]T,FALSE
MSH2_1.,G[C>T]T,FALSE
MSH2_1.,C[C>G]A,FALSE
MSH2_1.,G[T>C]A,FALSE
MSH2_1.,G[T>A]G,FALSE
MSH2_1.,G[T>G]A,FALSE
MSH2_1.,G[T>A]A,FALSE
MSH2_1.,G[C>T]T,FALSE
MSH2_1.,G[T>G]C,FALSE
MSH2_1.,T[C>G]T,FALSE
MSH2_1.,G[T>A]G,FALSE
MSH2_1.,T[C>T]T,FALSE
MSH2_1.,A[T>C]A,FALSE
MSH2_1.,C[T>C]A,FALSE
MSH2_1.,T[C>A]T,TRUE
MSH2_1.,T[C>T]G,TRUE
MSH2_1.,C[T>C]G,TRUE
MSH2_1.,A[C>T]G,TRUE
MSH2_1.,A[C>T]A,TRUE
MSH2_1.,G[C>T]G,TRUE
MSH2_1.,A[C>T]G,TRUE
MSH2_1.,A[C>T]G,TRUE
MSH2_1.,G[C>T]T,TRUE
MSH2_1.,A[C>T]G,TRUE
MSH2_1.,T[C>T]G,TRUE
MSH2_1.,A[C>T]G,TRUE
MSH2_1.,C[C>A]T,TRUE
MSH2_1.,T[C>T]G,TRUE
MSH2_1.,C[C>T]G,TRUE
MSH2_1.,T[C>T]G,TRUE
MSH2_1.,T[C>A]A,FALSE
MSH2_1.,A[T>G]G,FALSE
MSH2_1.,C[C>T]G,TRUE
MSH2_1.,C[C>T]G,TRUE
MSH2_1.,C[C>T]G,TRUE
MSH2_1.,C[C>T]G,TRUE
MSH2_1.,A[C>T]C,TRUE
MSH2_1.,G[C>T]C,TRUE
MSH2_1.,g[C>T]g,TRUE
MSH2_1.,C[C>T]G,TRUE
MSH2_1.,A[C>T]A,TRUE
MSH2_1.,G[C>T]T,TRUE
MSH2_1.,A[C>T]G,TRUE
MSH2_1.,C[C>T]G,TRUE
MSH2_1.,G[C>T]G,TRUE
MSH2_1.,G[C>T]G,TRUE
MSH2_1.,G[C>T]A,TRUE
MSH2_1.,A[C>T]G,FALSE
MSH6_1.,G[C>T]G,TRUE
MSH6_1.,T[C>T]G,TRUE
MSH6_1.,T[C>T]A,FALSE
MSH6_1.,A[C>T]G,TRUE
MSH6_1.,C[T>C]T,TRUE
MSH6_1.,G[C>T]C,TRUE
MSH6_1.,G[C>T]G,TRUE
MSH6_1.,T[C>T]G,TRUE
MSH6_1.,G[C>T]G,TRUE
MSH6_1.,T[C>T]C,TRUE
MSH6_1.,G[C>A]T,TRUE
MSH6_1.,C[C>T]G,TRUE
MSH6_1.,C[C>T]G,TRUE
MSH6_1.,C[T>C]T,TRUE
MSH6_1.,G[C>T]G,TRUE
MSH6_1.,C[C>T]G,TRUE
MSH6_1.,G[C>A]T,TRUE
MSH6_1.,A[C>T]A,TRUE
MSH6_1.,G[C>T]G,TRUE
MSH6_1.,G[T>C]A,TRUE
MSH6_1.,G[T>C]T,TRUE
MSH6_1.,G[C>T]T,FALSE
MSH6_1.,C[T>C]T,FALSE
MSH6_1.,T[T>C]G,TRUE
MSH6_1.,G[C>T]G,TRUE
MSH6_1.,A[C>T]G,TRUE
MSH6_1.,A[C>T]G,TRUE
MSH6_1.,C[C>T]G,TRUE
MSH6_1.,C[C>T]G,TRUE
MSH6_1.,T[C>T]C,FALSE
MSH6_1.,A[C>T]G,TRUE
MSH6_1.,C[C>A]C,TRUE
MSH6_1.,G[C>T]A,TRUE
MSH6_1.,G[C>T]G,TRUE
MSH6_1.,C[T>C]T,TRUE
MSH6_1.,G[C>T]A,TRUE
MSH6_1.,A[C>T]A,TRUE
MSH6_1.,G[C>T]G,TRUE
MSH6_1.,G[C>A]C,TRUE
MSH6_1.,A[C>T]G,TRUE
MSH6_1.,C[T>C]A,TRUE
MSH6_1.,A[C>T]G,TRUE
MSH6_1.,T[C>T]G,TRUE
MSH6_1.,C[C>T]T,FALSE
MSH6_1.,A[C>T]G,TRUE
MSH6_1.,C[T>C]G,TRUE
MSH6_1.,C[C>T]G,TRUE
MSH6_1.,C[C>A]A,TRUE
MSH6_1.,C[C>T]C,FALSE
MSH6_1.,A[C>T]G,TRUE
MSH6_1.,G[C>T]G,TRUE
MSH6_1.,C[C>A]T,TRUE
MSH6_1.,C[C>A]C,TRUE
MSH6_1.,G[C>T]G,TRUE
MSH6_1.,C[C>T]G,TRUE
MSH6_1.,G[C>T]G,TRUE
MSH6_1.,G[C>T]C,TRUE
MSH6_1.,C[C>T]G,TRUE
MSH6_1.,C[C>T]G,TRUE
MSH6_1.,G[C>T]A,TRUE
MSH6_1.,C[C>T]G,TRUE
MSH6_1.,C[C>T]T,TRUE
MSH6_1.,G[C>T]G,TRUE
MSH6_1.,G[C>T]G,TRUE
MSH6_1.,C[C>T]G,TRUE
MSH6_1.,C[C>T]T,TRUE
MSH6_1.,T[C>T]G,TRUE
MSH6_1.,A[C>T]A,TRUE
MSH6_1.,A[T>C]G,TRUE
MSH6_1.,G[C>T]G,TRUE
MSH6_1.,G[C>T]A,TRUE
MSH6_1.,T[C>T]G,TRUE
MSH6_1.,A[T>C]C,TRUE
MSH6_1.,C[T>C]C,TRUE
MSH6_1.,T[T>C]A,TRUE
MSH6_1.,G[C>T]G,TRUE
MSH6_1.,T[C>T]A,FALSE
MSH6_1.,C[C>T]G,TRUE
MSH6_1.,G[C>T]G,TRUE
MSH6_1.,G[C>T]G,TRUE
MSH6_1.,A[C>T]G,TRUE
MSH6_1.,C[T>C]C,FALSE
MSH6_1.,T[C>T]G,TRUE
MSH6_1.,A[C>T]G,TRUE
MSH6_1.,G[C>T]G,TRUE
MSH6_1.,T[C>T]G,TRUE
MSH6_1.,G[C>T]G,TRUE
MSH6_1.,G[C>T]G,TRUE
MSH6_1.,T[C>T]G,TRUE
MSH6_1.,G[C>T]G,TRUE
MSH6_1.,C[C>T]T,TRUE
MSH6_1.,G[C>T]G,TRUE
MSH6_1.,T[C>T]G,TRUE
MSH6_1.,G[C>T]G,TRUE
MSH6_1.,A[C>T]G,TRUE
MSH6_1.,A[C>T]G,TRUE
MSH6_1.,C[C>T]G,TRUE
MSH6_1.,G[T>C]C,TRUE
MSH6_1.,C[T>C]C,TRUE
MSH6_1.,G[C>T]T,TRUE
MSH6_1.,T[C>T]G,TRUE
MSH6_1.,C[T>C]T,FALSE
MSH6_1.,G[C>T]T,TRUE
MSH6_1.,A[T>C]T,TRUE
MSH6_1.,c[C>T]g,FALSE
MSH6_1.,A[C>T]G,TRUE
MSH6_1.,C[C>T]G,TRUE
MSH6_1.,G[T>A]C,TRUE
MSH6_1.,G[C>T]G,TRUE
MSH6_1.,T[C>T]T,TRUE
MSH6_1.,C[C>T]G,TRUE
MSH6_1.,G[C>T]G,TRUE
MSH6_1.,T[C>T]G,TRUE
MSH6_1.,C[C>T]G,TRUE
MSH6_1.,C[C>T]G,TRUE
MSH6_1.,C[C>T]G,TRUE
MSH6_1.,G[C>T]G,TRUE
MSH6_1.,A[C>T]G,TRUE
MSH6_1.,C[C>T]G,TRUE
MSH6_1.,C[T>G]G,TRUE
MSH6_1.,A[C>T]G,TRUE
MSH6_1.,C[C>T]G,TRUE
MSH6_1.,A[C>T]T,TRUE
MSH6_1.,C[C>T]G,TRUE
MSH6_1.,A[C>T]G,TRUE
MSH6_1.,T[C>T]T,TRUE
MSH6_1.,C[C>T]G,TRUE
MSH6_1.,C[C>T]G,TRUE
MSH6_1.,T[C>T]G,TRUE
MSH6_1.,A[C>T]G,TRUE
MSH6_1.,G[C>T]A,FALSE
MSH6_1.,A[C>T]G,TRUE
MSH6_1.,G[C>T]G,TRUE
MSH6_1.,G[C>T]A,TRUE
MSH6_1.,A[C>T]G,TRUE
MSH6_1.,C[C>T]G,TRUE
MSH6_1.,A[C>T]G,TRUE
MSH6_1.,A[C>T]G,TRUE
MSH6_1.,C[C>T]G,TRUE
MSH6_1.,C[C>T]G,TRUE
MSH6_1.,T[C>T]G,TRUE
MSH6_1.,C[C>T]T,TRUE
MSH6_1.,G[C>T]C,TRUE
MSH6_1.,G[C>T]G,TRUE
MSH6_1.,C[C>T]G,TRUE
MSH6_1.,A[C>T]G,TRUE
MSH6_1.,C[C>T]G,TRUE
MSH6_1.,g[T>C]t,TRUE
MSH6_1.,G[C>T]G,TRUE
MSH6_1.,T[C>T]A,TRUE
MSH6_1.,A[C>T]G,TRUE
MSH6_1.,A[C>T]G,TRUE
MSH6_1.,G[C>T]G,TRUE
MSH6_1.,G[C>T]G,TRUE
MSH6_1.,G[C>T]G,TRUE
MSH6_1.,G[C>T]G,TRUE
MSH6_1.,A[C>T]C,TRUE
MSH6_1.,A[C>T]G,TRUE
MSH6_1.,A[C>T]G,TRUE
MSH6_1.,T[C>T]G,TRUE
MSH6_1.,C[C>T]G,TRUE
MSH6_1.,A[C>T]A,TRUE
MSH6_1.,G[C>T]A,TRUE
MSH6_1.,A[C>A]C,TRUE
MSH6_1.,C[C>T]G,TRUE
MSH6_1.,G[C>T]C,TRUE
MSH6_1.,G[C>T]G,TRUE
MSH6_1.,C[C>T]G,TRUE
MSH6_1.,G[C>T]G,TRUE
MSH6_1.,A[C>T]G,TRUE
MSH6_1.,A[C>A]T,FALSE
MSH6_1.,T[C>T]G,TRUE
MSH6_1.,T[C>T]C,TRUE
MSH6_1.,T[C>T]G,TRUE
MSH6_1.,A[C>T]T,TRUE
MSH6_1.,C[C>T]G,TRUE
MSH6_1.,C[C>T]G,TRUE
MSH6_1.,A[C>T]G,TRUE
MSH6_1.,G[C>T]C,TRUE
MSH6_1.,A[C>T]G,TRUE
MSH6_1.,t[C>T]g,TRUE
MSH6_1.,A[T>A]T,TRUE
MSH6_1.,C[C>T]G,TRUE
MSH6_1.,C[C>T]C,TRUE
MSH6_1.,G[C>T]G,TRUE
MSH6_1.,A[C>T]G,TRUE
MSH6_1.,T[C>T]A,TRUE
MSH6_1.,A[C>T]G,TRUE
MSH6_1.,G[T>C]T,TRUE
MSH6_1.,A[C>T]G,TRUE
MSH6_1.,C[T>G]T,TRUE
MSH6_1.,A[C>T]G,TRUE
MSH6_1.,C[C>A]T,TRUE
MSH6_1.,G[C>T]G,TRUE
MSH6_1.,G[C>T]G,TRUE
MSH6_1.,G[C>T]C,TRUE
MSH6_1.,A[C>T]G,TRUE
MSH6_1.,G[C>T]A,TRUE
MSH6_1.,T[C>T]G,TRUE
MSH6_1.,C[C>T]C,TRUE
MSH6_1.,T[C>T]G,TRUE
MSH6_1.,A[C>T]G,TRUE
MSH6_1.,G[C>T]G,TRUE
MSH6_1.,A[C>T]G,TRUE
MSH6_1.,A[C>A]G,TRUE
MSH6_1.,T[T>C]G,TRUE
MSH6_1.,G[C>T]G,TRUE
MSH6_1.,G[C>T]G,TRUE
MSH6_1.,A[C>T]G,TRUE
MSH6_1.,C[C>T]G,TRUE
MSH6_1.,C[C>T]G,TRUE
MSH6_1.,G[C>T]G,TRUE
MSH6_1.,T[T>C]G,FALSE
MSH6_1.,A[T>A]A,FALSE
MSH6_1.,G[C>A]T,FALSE
MSH6_1.,A[C>T]G,FALSE
MSH6_1.,C[C>G]T,FALSE
MSH6_1.,G[C>T]G,TRUE
MSH6_1.,G[C>T]G,TRUE
MSH6_1.,A[C>T]G,TRUE
MSH6_1.,G[C>T]G,TRUE
MSH6_1.,A[C>T]G,TRUE
MSH6_1.,C[C>T]G,TRUE
MSH6_1.,A[C>T]G,TRUE
MSH6_1.,G[C>T]G,TRUE
MSH6_1.,G[C>T]T,TRUE
MSH6_1.,C[C>T]G,TRUE
MSH6_1.,C[C>T]G,TRUE
MSH6_1.,C[C>T]G,TRUE
MSH6_1.,C[C>T]A,TRUE
MSH6_1.,A[C>T]A,TRUE
MSH6_1.,G[T>A]A,TRUE
MSH6_1.,T[T>A]A,TRUE
MSH6_1.,G[C>T]T,TRUE
MSH6_1.,G[T>C]T,TRUE
MSH6_1.,T[C>T]G,TRUE
MSH6_1.,G[C>T]C,TRUE
MSH6_1.,G[C>T]T,TRUE
MSH6_1.,G[C>T]A,TRUE
MSH6_1.,A[C>T]G,TRUE
MSH6_1.,A[T>G]C,FALSE
MSH6_1.,C[C>T]G,TRUE
MSH6_1.,A[C>T]G,TRUE
MSH6_1.,A[T>C]G,TRUE
MSH6_1.,C[T>C]C,TRUE
MSH6_1.,T[T>A]A,TRUE
MSH6_1.,T[C>T]G,TRUE
MSH6_1.,A[C>T]G,TRUE
MSH6_1.,T[C>T]G,TRUE
MSH6_1.,G[C>T]G,TRUE
MSH6_1.,C[C>T]A,FALSE
MSH6_1.,G[C>T]G,TRUE
MSH6_1.,A[T>G]A,TRUE
MSH6_1.,C[C>T]C,FALSE
MSH6_1.,T[T>C]G,TRUE
MSH6_1.,A[C>T]G,TRUE
MSH6_1.,A[C>T]G,TRUE
MSH6_1.,A[C>T]G,TRUE
MSH6_1.,A[C>T]T,TRUE
MSH6_1.,A[C>T]A,TRUE
MSH6_1.,A[T>C]A,TRUE
MSH6_1.,T[C>T]C,TRUE
MSH6_1.,A[C>T]G,TRUE
MSH6_1.,A[C>T]G,TRUE
MSH6_1.,C[C>T]C,TRUE
MSH6_1.,C[C>T]A,TRUE
MSH6_1.,C[C>T]G,TRUE
MSH6_1.,G[C>T]G,TRUE
MSH6_1.,G[C>T]G,TRUE
MSH6_1.,G[C>T]G,TRUE
MSH6_1.,A[C>T]G,TRUE
MSH6_1.,C[C>T]G,TRUE
MSH6_1.,C[C>T]G,TRUE
MSH6_1.,G[C>T]G,TRUE
MSH6_1.,A[T>C]A,TRUE
MSH6_1.,A[C>T]C,TRUE
MSH6_1.,G[T>C]A,TRUE
MSH6_1.,T[C>T]G,TRUE
MSH6_1.,C[C>T]G,TRUE
MSH6_1.,C[C>T]A,TRUE
MSH6_1.,T[C>T]G,TRUE
MSH6_1.,A[C>T]G,TRUE
MSH6_1.,C[C>T]G,TRUE
MSH6_1.,C[C>T]G,TRUE
MSH6_1.,G[C>T]G,TRUE
MSH6_1.,G[C>T]G,TRUE
MSH6_1.,G[C>T]G,TRUE
MSH6_1.,G[C>T]C,TRUE
MSH6_1.,C[C>T]G,TRUE
MSH6_1.,G[C>T]T,TRUE
MSH6_1.,C[C>T]G,TRUE
MSH6_1.,G[C>T]T,FALSE
MSH6_1.,G[C>T]G,TRUE
MSH6_1.,G[C>T]C,TRUE
MSH6_1.,G[C>T]G,TRUE
MSH6_1.,T[C>T]G,TRUE
MSH6_1.,G[C>T]A,TRUE
MSH6_1.,T[C>T]G,TRUE
MSH6_1.,A[C>T]G,TRUE
MSH6_1.,A[C>T]A,TRUE
MSH6_1.,C[T>A]C,TRUE
MSH6_1.,G[C>T]G,TRUE
MSH6_1.,A[C>T]G,TRUE
MSH6_1.,G[C>G]T,TRUE
MSH6_1.,G[C>T]C,TRUE
MSH6_1.,G[C>T]C,TRUE
MSH6_1.,G[C>T]G,TRUE
MSH6_1.,C[T>C]G,TRUE
MSH6_1.,T[C>T]G,TRUE
MSH6_1.,A[C>T]G,TRUE
MSH6_1.,C[C>T]G,TRUE
MSH6_1.,T[C>T]G,TRUE
MSH6_1.,G[C>T]G,TRUE
MSH6_1.,G[T>C]A,FALSE
MSH6_1.,T[T>C]C,FALSE
MSH6_1.,G[C>T]G,TRUE
MSH6_1.,C[C>T]G,TRUE
MSH6_1.,T[C>T]G,TRUE
MSH6_1.,C[C>T]G,TRUE
MSH6_1.,G[C>T]G,TRUE
MSH6_1.,A[C>T]G,TRUE
MSH6_1.,G[T>C]G,TRUE
MSH6_1.,C[C>A]T,TRUE
MSH6_1.,C[C>A]G,TRUE
MSH6_1.,C[C>T]G,TRUE
MSH6_1.,A[C>T]G,TRUE
MSH6_1.,C[C>A]T,TRUE
MSH6_1.,G[C>T]G,TRUE
MSH6_1.,C[C>A]T,TRUE
MSH6_1.,C[T>C]G,TRUE
MSH6_1.,G[C>T]G,TRUE
MSH6_1.,G[C>T]G,TRUE
MSH6_1.,G[C>T]G,TRUE
MSH6_1.,C[C>A]A,TRUE
MSH6_1.,G[C>T]G,TRUE
MSH6_1.,G[C>T]G,TRUE
MSH6_1.,T[C>T]G,TRUE
MSH6_1.,A[C>T]G,TRUE
MSH6_1.,A[C>T]G,TRUE
MSH6_1.,A[C>T]G,TRUE
MSH6_1.,C[C>A]C,TRUE
MSH6_1.,C[C>T]G,TRUE
MSH6_1.,A[C>T]G,TRUE
MSH6_1.,C[T>C]G,TRUE
MSH6_1.,G[C>T]A,TRUE
MSH6_1.,G[C>T]A,FALSE
MSH6_1.,A[C>T]G,TRUE
MSH6_2.,T[C>T]G,TRUE
MSH6_2.,C[C>T]G,TRUE
MSH6_2.,A[C>T]G,TRUE
MSH6_2.,C[T>C]C,TRUE
MSH6_2.,C[C>T]G,TRUE
MSH6_2.,C[C>A]T,TRUE
MSH6_2.,A[C>T]G,TRUE
MSH6_2.,A[C>T]A,TRUE
MSH6_2.,G[T>C]G,TRUE
MSH6_2.,T[C>T]C,FALSE
MSH6_2.,G[C>T]A,TRUE
MSH6_2.,G[T>C]G,TRUE
MSH6_2.,A[C>T]G,TRUE
MSH6_2.,C[C>T],FALSE
MSH6_2.,A[C>T]A,TRUE
MSH6_2.,G[C>T]G,TRUE
MSH6_2.,C[C>T]G,TRUE
MSH6_2.,T[T>A]T,TRUE
MSH6_2.,A[C>G]T,TRUE
MSH6_2.,A[C>T]A,TRUE
MSH6_2.,G[C>T]G,TRUE
MSH6_2.,G[C>T]T,TRUE
MSH6_2.,G[C>T]G,TRUE
MSH6_2.,C[C>T]G,TRUE
MSH6_2.,C[C>A]C,TRUE
MSH6_2.,G[C>T]C,TRUE
MSH6_2.,G[C>T]G,TRUE
MSH6_2.,A[C>T]G,TRUE
MSH6_2.,A[C>T]G,TRUE
MSH6_2.,A[C>T]C,TRUE
MSH6_2.,A[C>T]G,TRUE
MSH6_2.,T[T>C]A,TRUE
MSH6_2.,G[T>C]A,TRUE
MSH6_2.,A[C>T]A,TRUE
MSH6_2.,T[C>T]G,TRUE
MSH6_2.,A[C>T]G,TRUE
MSH6_2.,G[C>T]G,TRUE
MSH6_2.,A[C>T]G,TRUE
MSH6_2.,G[C>T]G,TRUE
MSH6_2.,G[C>T]C,TRUE
MSH6_2.,C[C>T]T,TRUE
MSH6_2.,C[C>T]G,TRUE
MSH6_2.,G[C>T]G,TRUE
MSH6_2.,G[C>T]G,TRUE
MSH6_2.,C[C>T]G,TRUE
MSH6_2.,A[C>T]G,TRUE
MSH6_2.,C[C>T]G,TRUE
MSH6_2.,G[C>T]C,FALSE
MSH6_2.,T[C>T]G,TRUE
MSH6_2.,T[C>T]A,TRUE
MSH6_2.,G[C>T]T,TRUE
MSH6_2.,A[C>T]G,TRUE
MSH6_2.,A[C>T]G,TRUE
MSH6_2.,A[C>T]G,TRUE
MSH6_2.,C[C>T]G,TRUE
MSH6_2.,C[C>A]G,TRUE
MSH6_2.,A[T>C]C,FALSE
MSH6_2.,C[T>C]T,FALSE
MSH6_2.,C[C>A]T,FALSE
MSH6_2.,C[T>C]G,FALSE
MSH6_2.,T[C>T]T,TRUE
MSH6_2.,C[C>T]G,TRUE
MSH6_2.,G[C>T]C,TRUE
MSH6_2.,C[C>T]G,TRUE
MSH6_2.,C[C>T]G,TRUE
MSH6_2.,A[C>T]G,TRUE
MSH6_2.,G[C>T]G,TRUE
MSH6_2.,G[C>T]G,TRUE
MSH6_2.,A[C>T]G,TRUE
MSH6_2.,G[C>T]G,TRUE
MSH6_2.,G[C>T]G,TRUE
MSH6_2.,A[C>T]G,TRUE
MSH6_2.,T[T>C]C,TRUE
MSH6_2.,C[C>T]G,TRUE
MSH6_2.,A[C>T]G,TRUE
MSH6_2.,A[C>T]A,TRUE
MSH6_2.,A[C>T]G,TRUE
MSH6_2.,G[C>T]C,TRUE
MSH6_2.,G[T>C]A,TRUE
MSH6_2.,C[T>G]G,FALSE
MSH6_2.,C[C>T]G,TRUE
MSH6_2.,A[C>T]G,TRUE
MSH6_2.,C[C>T]G,TRUE
MSH6_2.,G[C>T]G,TRUE
MSH6_2.,C[C>A]G,TRUE
MSH6_2.,T[C>T]G,TRUE
MSH6_2.,C[C>T]G,TRUE
MSH6_2.,G[C>T]G,TRUE
MSH6_2.,G[C>T]A,TRUE
MSH6_2.,T[C>T]G,TRUE
MSH6_2.,A[C>T]G,TRUE
MSH6_2.,C[C>T]G,TRUE
MSH6_2.,A[C>T]A,TRUE
MSH6_2.,T[T>C]C,TRUE
MSH6_2.,A[T>C]G,TRUE
MSH6_2.,T[C>T]G,TRUE
MSH6_2.,G[C>T]G,TRUE
MSH6_2.,T[C>T]G,TRUE
MSH6_2.,A[C>T]G,TRUE
MSH6_2.,C[T>A]T,TRUE
MSH6_2.,G[C>T]T,TRUE
MSH6_2.,A[C>T]G,TRUE
MSH6_2.,T[C>T]G,TRUE
MSH6_2.,A[C>T]G,TRUE
MSH6_2.,G[C>T]G,TRUE
MSH6_2.,c[C>T]a,TRUE
MSH6_2.,C[C>T]G,TRUE
MSH6_2.,A[C>T]T,TRUE
MSH6_2.,A[C>T]C,TRUE
MSH6_2.,C[T>C]G,TRUE
MSH6_2.,C[C>T]G,TRUE
MSH6_2.,C[C>T]G,TRUE
MSH6_2.,A[C>T]G,TRUE
MSH6_2.,A[T>G]T,TRUE
MSH6_2.,G[C>T]G,TRUE
MSH6_2.,A[C>T]G,TRUE
MSH6_2.,T[T>C]G,TRUE
MSH6_2.,A[C>T]G,TRUE
MSH6_2.,C[C>T]G,TRUE
MSH6_2.,A[C>T]C,TRUE
MSH6_2.,C[C>T]G,TRUE
MSH6_2.,A[C>T]G,TRUE
MSH6_2.,T[C>T]G,TRUE
MSH6_2.,A[C>T]G,TRUE
MSH6_2.,A[C>T]G,FALSE
MSH6_2.,T[C>T]G,TRUE
MSH6_2.,G[C>T]G,TRUE
MSH6_2.,A[C>T]G,TRUE
MSH6_2.,A[C>T]G,TRUE
MSH6_2.,A[C>T]G,TRUE
MSH6_2.,T[C>T]G,TRUE
MSH6_2.,G[C>T]G,TRUE
MSH6_2.,T[C>T]G,TRUE
MSH6_2.,T[C>T]G,TRUE
MSH6_2.,T[C>T]G,TRUE
MSH6_2.,A[C>T]G,TRUE
MSH6_2.,A[C>T]G,TRUE
MSH6_2.,A[C>T]G,TRUE
MSH6_2.,C[T>G]C,TRUE
MSH6_2.,A[C>T]G,TRUE
MSH6_2.,A[C>T]G,TRUE
MSH6_2.,C[C>T]G,TRUE
MSH6_2.,A[C>T]G,TRUE
MSH6_2.,A[C>T]G,TRUE
MSH6_2.,A[C>T]G,TRUE
MSH6_2.,C[C>T]G,TRUE
MSH6_2.,T[C>T]G,TRUE
MSH6_2.,T[C>T]G,TRUE
MSH6_2.,C[T>C]G,TRUE
MSH6_2.,A[C>T]G,TRUE
MSH6_2.,G[C>G]T,FALSE
MSH6_2.,C[C>T]G,TRUE
MSH6_2.,A[C>T]G,TRUE
MSH6_2.,G[C>T]C,TRUE
MSH6_2.,C[C>T]G,TRUE
MSH6_2.,G[C>T]G,TRUE
MSH6_2.,T[C>T]A,TRUE
MSH6_2.,G[C>T]G,TRUE
MSH6_2.,G[C>T]T,TRUE
MSH6_2.,G[C>T]G,TRUE
MSH6_2.,G[C>T]G,TRUE
MSH6_2.,T[C>T]G,TRUE
MSH6_2.,C[T>C]G,TRUE
MSH6_2.,C[C>T]G,TRUE
MSH6_2.,C[T>C]T,TRUE
MSH6_2.,T[C>T]G,TRUE
MSH6_2.,T[C>T]G,FALSE
MSH6_2.,A[C>T]G,TRUE
MSH6_2.,A[C>T]G,TRUE
MSH6_2.,G[C>T]C,FALSE
MSH6_2.,T[C>T]G,TRUE
MSH6_2.,G[C>T]G,TRUE
MSH6_2.,G[C>T]G,TRUE
MSH6_2.,C[C>T]G,TRUE
MSH6_2.,G[C>T]G,TRUE
MSH6_2.,T[C>T]G,TRUE
MSH6_2.,G[C>T]A,TRUE
MSH6_2.,C[C>A]T,TRUE
MSH6_2.,T[C>T]G,TRUE
MSH6_2.,A[C>T]T,TRUE
MSH6_2.,T[C>T]G,TRUE
MSH6_2.,G[C>T]G,TRUE
MSH6_2.,G[C>T]C,TRUE
MSH6_2.,A[T>C]A,TRUE
MSH6_2.,C[C>T]G,FALSE
MSH6_2.,C[C>T]G,TRUE
MSH6_2.,T[T>C]A,FALSE
MSH6_2.,T[C>T]G,TRUE
MSH6_2.,A[T>A]C,TRUE
MSH6_2.,A[T>C]G,TRUE
MSH6_2.,T[C>T]G,TRUE
MSH6_2.,C[C>T]G,TRUE
MSH6_2.,C[C>T]G,TRUE
MSH6_2.,G[C>T]T,TRUE
MSH6_2.,G[C>T]G,TRUE
MSH6_2.,A[C>T]G,TRUE
MSH6_2.,A[C>T]A,TRUE
MSH6_2.,C[C>T]G,TRUE
MSH6_2.,C[T>C]G,FALSE
MSH6_2.,G[T>C]C,TRUE
MSH6_2.,G[C>T]G,TRUE
MSH6_2.,C[C>T]G,TRUE
MSH6_2.,G[C>T]G,TRUE
MSH6_2.,T[T>C]G,TRUE
MSH6_2.,C[C>T]T,TRUE
MSH6_2.,G[C>T]T,TRUE
MSH6_2.,G[C>T]G,TRUE
MSH6_2.,G[T>C]C,TRUE
MSH6_2.,T[T>A]A,FALSE
MSH6_2.,A[C>T]G,TRUE
MSH6_2.,A[C>T]G,TRUE
MSH6_2.,T[C>T]G,TRUE
MSH6_2.,A[T>C]G,FALSE
MSH6_2.,C[C>G]A,FALSE
MSH6_2.,C[C>A]T,TRUE
MSH6_2.,G[C>T]T,TRUE
MSH6_2.,A[C>T]C,TRUE
MSH6_2.,C[C>T]C,TRUE
MSH6_2.,A[C>T]A,TRUE
MSH6_2.,C[C>T]G,TRUE
MSH6_2.,A[T>C]G,FALSE
MSH6_2.,G[C>T]G,TRUE
MSH6_2.,G[C>T]G,TRUE
MSH6_2.,C[C>T]A,TRUE
MSH6_2.,T[T>C]A,TRUE
MSH6_2.,A[C>T]G,TRUE
MSH6_2.,G[C>T]T,TRUE
MSH6_2.,G[C>T]G,TRUE
MSH6_2.,T[C>T]G,TRUE
MSH6_2.,C[C>T]G,TRUE
MSH6_2.,C[C>A]T,TRUE
MSH6_2.,A[C>T]G,TRUE
MSH6_2.,A[C>T]G,TRUE
MSH6_2.,C[C>T]G,TRUE
MSH6_2.,T[C>A]A,TRUE
MSH6_2.,C[C>T]G,TRUE
MSH6_2.,G[C>T]C,TRUE
MSH6_2.,G[T>G]G,TRUE
MSH6_2.,C[C>T]T,TRUE
MSH6_2.,A[C>T]G,TRUE
MSH6_2.,A[C>T]G,TRUE
MSH6_2.,G[C>T]G,TRUE
MSH6_2.,A[C>T]G,TRUE
MSH6_2.,A[C>T]G,TRUE
MSH6_2.,A[C>T]G,TRUE
MSH6_2.,A[C>T]T,TRUE
MSH6_2.,A[C>T]G,TRUE
MSH6_2.,G[C>G]G,TRUE
MSH6_2.,A[C>T]G,TRUE
MSH6_2.,A[T>C]A,TRUE
MSH6_2.,A[C>T]C,TRUE
MSH6_2.,C[C>T]G,TRUE
MSH6_2.,G[C>T]G,TRUE
MSH6_2.,A[C>T]G,TRUE
MSH6_2.,G[C>T]A,TRUE
MSH6_2.,A[C>T]G,TRUE
MSH6_2.,C[C>A]T,TRUE
MSH6_2.,C[C>A]T,TRUE
MSH6_2.,C[C>A]T,TRUE
MSH6_2.,A[C>T]G,TRUE
MSH6_2.,T[C>T]G,TRUE
MSH6_2.,G[C>T]G,FALSE
MSH6_2.,g[C>T]a,TRUE
MSH6_2.,G[C>T]G,TRUE
MSH6_2.,C[T>C]G,FALSE
MSH6_2.,A[C>T]G,TRUE
MSH6_8.,A[C>T]G,FALSE
MSH6_8.,G[C>T]C,FALSE
MSH6_8.,A[C>T]G,FALSE
MSH6_8.,C[C>T]A,FALSE
MSH6_8.,A[C>T]A,FALSE
MSH6_8.,G[C>T]A,FALSE
MSH6_8.,T[C>T]C,FALSE
MSH6_8.,C[C>T]T,FALSE
MSH6_8.,C[C>A]T,TRUE
MSH6_8.,C[C>T]G,FALSE
MSH6_8.,C[C>T]T,FALSE
MSH6_8.,C[C>T]T,FALSE
MSH6_8.,G[C>T]C,FALSE
MSH6_8.,C[C>T]A,FALSE
MSH6_8.,G[C>T]T,FALSE
MSH6_8.,T[C>T]C,FALSE
MSH6_8.,G[C>T]C,FALSE
MSH6_8.,T[C>T]G,FALSE
MSH6_8.,A[C>T]G,FALSE
MSH6_8.,T[C>T]A,FALSE
MSH6_8.,C[C>T]C,FALSE
MSH6_8.,C[C>T]A,FALSE
MSH6_8.,A[C>T]G,TRUE
MSH6_8.,A[C>T]T,FALSE
MSH6_8.,C[C>T]C,FALSE
MSH6_8.,G[C>T]T,FALSE
MSH6_8.,T[C>T]A,FALSE
MSH6_8.,G[C>T]C,FALSE
MSH6_8.,G[C>T]A,FALSE
MSH6_8.,T[C>T]T,FALSE
MSH6_8.,C[C>T]G,FALSE
MSH6_8.,T[C>T]G,FALSE
MSH6_8.,T[C>T]A,FALSE
MSH6_8.,G[C>T]A,FALSE
MSH6_8.,G[C>T]T,FALSE
MSH6_8.,G[T>C]A,TRUE
MSH6_8.,G[C>T]G,FALSE
MSH6_8.,G[C>T]C,FALSE
MSH6_8.,G[C>T]T,FALSE
MSH6_8.,T[C>T]T,FALSE
MSH6_8.,C[C>T]T,FALSE
MSH6_8.,T[C>T]T,FALSE
MSH6_8.,T[C>T]T,FALSE
MSH6_8.,C[C>T]A,FALSE
MSH6_8.,G[C>T]A,FALSE
MSH6_8.,C[C>T]A,FALSE
MSH6_8.,T[C>T]C,FALSE
MSH6_8.,C[C>T]T,FALSE
MSH6_8.,G[C>T]T,FALSE
MSH6_8.,G[C>T]A,FALSE
MSH6_8.,C[C>T]T,FALSE
MSH6_8.,G[C>T]A,FALSE
MSH6_8.,A[C>T]G,FALSE
MSH6_8.,T[C>T]A,FALSE
MSH6_8.,C[T>C]C,FALSE
MSH6_8.,T[C>T]C,FALSE
MSH6_8.,C[C>T]A,FALSE
MSH6_8.,A[C>T]G,FALSE
MSH6_8.,C[C>T]A,FALSE
MSH6_8.,T[C>T]C,FALSE
MSH6_8.,T[C>T]A,FALSE
MSH6_8.,T[C>T]C,FALSE
MSH6_8.,T[C>T]C,FALSE
MSH6_8.,T[C>T]G,FALSE
MSH6_8.,G[C>T]C,FALSE
MSH6_8.,C[C>T]A,FALSE
MSH6_8.,C[C>T]A,FALSE
MSH6_8.,C[C>T]A,FALSE
MSH6_8.,T[C>T]T,FALSE
MSH6_8.,C[C>T]A,FALSE
MSH6_8.,A[C>G]A,FALSE
MSH6_8.,A[C>T]T,FALSE
MSH6_8.,T[C>T]T,FALSE
MSH6_8.,G[C>T]G,FALSE
MSH6_8.,T[C>T]T,FALSE
MSH6_8.,T[C>T]A,FALSE
MSH6_8.,C[C>T]A,FALSE
MSH6_8.,G[C>T]A,FALSE
MSH6_8.,A[C>T]T,FALSE
MSH6_8.,A[C>T]A,FALSE
MSH6_8.,T[C>T]G,FALSE
MSH6_8.,T[C>T]A,FALSE
MSH6_8.,G[C>T]A,FALSE
MSH6_8.,C[C>T]A,FALSE
MSH6_8.,T[C>T]C,FALSE
MSH6_8.,T[C>T]A,FALSE
MSH6_8.,T[C>T]A,FALSE
MSH6_8.,G[C>T]A,FALSE
MSH6_8.,C[T>A]T,FALSE
MSH6_8.,G[C>T]C,FALSE
MSH6_8.,T[C>T]A,FALSE
MSH6_8.,G[C>T]G,FALSE
MSH6_8.,T[C>T]T,FALSE
MSH6_8.,A[C>T]C,FALSE
MSH6_8.,G[C>T]C,FALSE
MSH6_8.,G[C>T]T,FALSE
MSH6_8.,T[C>T]T,FALSE
MSH6_8.,C[C>T]C,FALSE
MSH6_8.,C[C>T]A,FALSE
MSH6_8.,T[C>T]T,FALSE
MSH6_8.,A[C>T]T,FALSE
MSH6_8.,T[C>T]C,FALSE
MSH6_8.,T[C>T]C,FALSE
MSH6_8.,A[C>T]G,FALSE
MSH6_8.,C[C>T]T,FALSE
MSH6_8.,C[C>T]T,FALSE
MSH6_8.,G[C>T]T,FALSE
MSH6_8.,C[C>T]A,FALSE
MSH6_8.,G[C>T]T,FALSE
MSH6_8.,G[C>T]C,FALSE
MSH6_8.,A[C>T]G,FALSE
MSH6_8.,C[C>T]A,FALSE
MSH6_8.,C[C>T]T,FALSE
MSH6_8.,A[C>T]A,FALSE
MSH6_8.,A[C>T]C,FALSE
MSH6_8.,C[C>T]A,FALSE
MSH6_8.,T[C>T]C,FALSE
MSH6_8.,G[C>T]T,FALSE
MSH6_8.,T[C>T]A,FALSE
MSH6_8.,T[C>T]T,FALSE
MSH6_8.,C[C>T]A,FALSE
MSH6_8.,A[C>T]C,FALSE
MSH6_8.,C[C>T]T,FALSE
MSH6_8.,A[C>T]G,TRUE
MSH6_8.,G[C>A]A,FALSE
MSH6_8.,T[C>T]T,FALSE
MSH6_8.,C[C>T]G,FALSE
MSH6_8.,A[C>T]C,FALSE
MSH6_8.,T[C>T]T,FALSE
MSH6_8.,G[C>T]T,FALSE
MSH6_8.,T[C>T]T,FALSE
MSH6_8.,T[C>T]A,FALSE
MSH6_8.,T[C>T]C,FALSE
MSH6_8.,C[C>T]C,FALSE
MSH6_8.,A[C>T]T,FALSE
MSH6_8.,G[C>T]T,FALSE
MSH6_8.,T[C>T]A,FALSE
MSH6_8.,T[C>T]T,FALSE
MSH6_8.,C[C>T]A,FALSE
MSH6_8.,T[C>T]G,FALSE
MSH6_8.,T[C>T]C,FALSE
MSH6_8.,T[C>T]G,FALSE
MSH6_8.,A[C>T]T,FALSE
MSH6_8.,A[C>T]C,FALSE
MSH6_8.,A[C>T]A,FALSE
MSH6_8.,C[C>T]T,FALSE
MSH6_8.,G[C>T]T,FALSE
MSH6_8.,C[C>T]A,FALSE
MSH6_8.,G[C>T]T,FALSE
MSH6_8.,A[C>T]C,FALSE
MSH6_8.,C[C>T]A,FALSE
MSH6_8.,C[C>T]G,FALSE
MSH6_8.,C[C>T]A,FALSE
MSH6_8.,T[C>T]T,FALSE
MSH6_8.,T[C>T]T,FALSE
MSH6_8.,A[C>T]T,FALSE
MSH6_8.,A[T>C]T,TRUE
MSH6_8.,A[T>A]C,TRUE
MSH6_8.,C[C>T]G,FALSE
MSH6_8.,T[C>T]A,FALSE
MSH6_8.,C[C>T]A,FALSE
MSH6_8.,T[C>T]A,FALSE
MSH6_8.,A[C>T]A,FALSE
MSH6_8.,G[C>T]T,FALSE
MSH6_8.,C[C>T]T,FALSE
MSH6_8.,C[C>T]A,FALSE
MSH6_8.,G[C>T]A,FALSE
MSH6_8.,C[C>T]C,FALSE
MSH6_8.,C[C>T]G,TRUE
MSH6_8.,C[C>T]A,FALSE
MSH6_8.,A[C>T]A,FALSE
MSH6_8.,C[C>T]A,FALSE
MSH6_8.,C[C>T]T,FALSE
MSH6_8.,G[C>T]T,FALSE
MSH6_8.,G[C>T]T,FALSE
MSH6_8.,A[C>T]G,FALSE
MSH6_8.,G[C>T]C,FALSE
MSH6_8.,G[C>T]T,FALSE
MSH6_8.,C[C>T]A,FALSE
MSH6_8.,A[C>T]C,FALSE
MSH6_8.,T[C>T]T,FALSE
MSH6_8.,T[C>T]C,FALSE
MSH6_8.,T[C>T]A,FALSE
MSH6_8.,A[C>T]G,TRUE
MSH6_8.,A[C>T]T,FALSE
MSH6_8.,T[C>T]G,FALSE
MSH6_8.,C[C>T]C,FALSE
MSH6_8.,A[C>T]A,FALSE
MSH6_8.,A[C>T]C,FALSE
MSH6_8.,G[C>T]A,FALSE
MSH6_8.,A[C>T]T,FALSE
MSH6_8.,G[C>T]A,FALSE
MSH6_8.,T[C>T]T,FALSE
MSH6_8.,C[C>T]C,FALSE
MSH6_8.,A[C>T]C,FALSE
MSH6_8.,C[C>A]C,TRUE
MSH6_8.,G[C>T]C,FALSE
MSH6_8.,A[C>T]C,FALSE
MSH6_8.,G[C>T]T,FALSE
MSH6_8.,C[C>T]T,FALSE
MSH6_8.,T[C>T]T,FALSE
MSH6_8.,C[C>T]G,FALSE
MSH6_8.,T[C>T]C,FALSE
MSH6_8.,G[C>T]C,FALSE
MSH6_8.,T[C>T]T,FALSE
MSH6_8.,G[C>T]A,FALSE
MSH6_8.,A[C>T]C,FALSE
MSH6_8.,A[C>T]A,FALSE
MSH6_8.,G[C>T]C,FALSE
MSH6_8.,G[C>T]T,FALSE
MSH6_8.,G[C>T]C,FALSE
MSH6_8.,G[C>T]G,FALSE
MSH6_8.,T[C>T]T,FALSE
MSH6_8.,G[C>T]T,FALSE
MSH6_8.,A[C>T]C,FALSE
MSH6_8.,C[C>T]G,FALSE
MSH6_8.,G[C>T]T,FALSE
MSH6_8.,G[C>T]T,FALSE
MSH6_8.,T[C>T]T,FALSE
MSH6_8.,t[C>T]a,FALSE
MSH6_8.,T[C>T]T,FALSE
MSH6_8.,T[C>T]T,FALSE
MSH6_8.,T[T>C]T,FALSE
MSH6_8.,T[C>T]A,FALSE
MSH6_8.,C[C>G]G,FALSE
MSH6_8.,T[C>T]T,FALSE
MSH6_8.,C[C>T]C,FALSE
MSH6_8.,A[C>T]G,FALSE
MSH6_8.,T[C>T]A,FALSE
MSH6_8.,C[C>T]A,FALSE
MSH6_8.,G[C>T]T,FALSE
MSH6_8.,T[C>T]G,FALSE
MSH6_8.,C[C>T]T,FALSE
MSH6_8.,T[C>T]C,FALSE
MSH6_8.,A[C>T]T,FALSE
MSH6_8.,T[C>T]A,FALSE
MSH6_8.,A[C>T]C,TRUE
MSH6_8.,A[C>T]T,TRUE
MSH6_8.,C[C>T]A,FALSE
MSH6_8.,C[C>T]T,FALSE
MSH6_8.,C[C>T]T,FALSE
MSH6_8.,C[C>T]A,FALSE
MSH6_8.,T[C>T]A,FALSE
MSH6_8.,C[C>T]G,FALSE
MSH6_8.,A[C>T]A,FALSE
MSH6_8.,C[C>T]G,FALSE
MSH6_8.,A[C>T]A,FALSE
MSH6_8.,C[C>T]C,FALSE
MSH6_8.,C[C>T]G,FALSE
MSH6_8.,C[C>T]A,FALSE
MSH6_8.,A[C>T]A,FALSE
MSH6_8.,T[C>T]C,FALSE
MSH6_8.,G[C>T]A,FALSE
MSH6_8.,A[C>T]C,FALSE
MSH6_8.,A[C>T]T,FALSE
MSH6_8.,G[C>T]T,FALSE
MSH6_8.,T[C>T]G,FALSE
MSH6_8.,G[C>T]A,FALSE
MSH6_8.,A[C>T]T,FALSE
MSH6_8.,A[C>T]T,FALSE
MSH6_8.,T[T>C]G,TRUE
MSH6_8.,T[T>C]G,FALSE
MSH6_8.,G[C>T]T,TRUE
MSH6_8.,A[C>T]A,FALSE
MSH6_8.,G[C>T]A,FALSE
MSH6_8.,C[C>T]T,FALSE
MSH6_8.,G[C>T]T,FALSE
MSH6_8.,G[C>T]T,FALSE
MSH6_8.,T[C>T]T,FALSE
MSH6_8.,C[C>T]A,FALSE
MSH6_8.,T[C>T]C,FALSE
MSH6_8.,C[C>T]C,FALSE
MSH6_8.,T[C>T]A,FALSE
MSH6_8.,C[C>T]T,FALSE
MSH6_8.,T[C>T]T,FALSE
MSH6_8.,G[C>T]C,FALSE
MSH6_8.,A[C>T]T,FALSE
MSH6_8.,G[C>T]T,FALSE
MSH6_8.,G[C>T]G,FALSE
MSH6_8.,A[C>T]G,TRUE
MSH6_8.,T[C>T]T,FALSE
MSH6_8.,A[C>T]T,FALSE
MSH6_8.,a[C>T]t,FALSE
MSH6_8.,T[C>T]A,FALSE
MSH6_8.,A[C>T]T,FALSE
MSH6_8.,T[C>T]T,FALSE
MSH6_8.,A[C>T]C,FALSE
MSH6_8.,G[C>T]G,FALSE
MSH6_8.,A[C>T]T,FALSE
MSH6_8.,T[C>T]A,FALSE
MSH6_8.,T[C>T]A,FALSE
MSH6_8.,A[C>T]T,FALSE
MSH6_8.,G[C>T]G,FALSE
MSH6_8.,A[C>T]T,FALSE
MSH6_8.,A[C>T]T,FALSE
MSH6_8.,T[C>T]C,FALSE
MSH6_8.,T[C>T]T,FALSE
MSH6_8.,T[C>T]T,FALSE
MSH6_8.,T[C>T]C,FALSE
MSH6_8.,G[C>T]A,FALSE
MSH6_8.,G[C>T]T,FALSE
MSH6_8.,A[C>T]A,FALSE
MSH6_8.,T[C>T]A,FALSE
MSH6_8.,T[C>T]T,FALSE
MSH6_8.,A[C>T]A,FALSE
MSH6_8.,C[C>T]A,FALSE
MSH6_8.,C[C>T]A,FALSE
MSH6_8.,C[C>T]T,FALSE
MSH6_8.,G[C>T]C,FALSE
MSH6_8.,G[C>T]A,FALSE
MSH6_8.,C[C>T]T,FALSE
MSH6_8.,C[C>T]A,FALSE
MSH6_8.,T[C>T]C,FALSE
MSH6_8.,C[C>T]G,FALSE
MSH6_8.,G[C>T]A,FALSE
MSH6_8.,C[C>T]C,FALSE
MSH6_8.,G[C>T]T,FALSE
MSH6_8.,G[C>T]T,FALSE
MSH6_8.,C[C>T]A,FALSE
MSH6_8.,A[C>T]T,FALSE
MSH6_8.,C[C>T]T,FALSE
MSH6_8.,G[C>T]C,FALSE
MSH6_8.,G[C>T]T,FALSE
MSH6_8.,T[C>T]T,FALSE
MSH6_8.,T[C>T]A,FALSE
MSH6_8.,T[C>T]A,FALSE
MSH6_8.,G[C>T]A,FALSE
MSH6_8.,A[C>T]G,FALSE
MSH6_8.,T[C>T]G,FALSE
MSH6_8.,T[C>T]T,FALSE
MSH6_8.,T[C>T]A,FALSE
MSH6_8.,G[C>T]G,FALSE
MSH6_8.,G[C>T]A,FALSE
MSH6_8.,C[C>T]G,FALSE
MSH6_8.,G[C>T]C,FALSE
MSH6_8.,C[C>T]G,FALSE
MSH6_8.,C[C>T]G,FALSE
MSH6_8.,C[T>C]A,FALSE
MSH6_8.,C[C>T]T,FALSE
MSH6_8.,C[C>T]A,FALSE
MSH6_8.,T[C>T]A,FALSE
MSH6_8.,C[C>T]A,FALSE
MSH6_8.,A[C>T]G,FALSE
MSH6_8.,T[C>T]T,FALSE
MSH6_8.,T[C>T]T,FALSE
MSH6_8.,C[C>T]A,FALSE
MSH6_8.,A[C>T]A,FALSE
MSH6_8.,A[C>T]T,FALSE
MSH6_8.,C[C>T]A,FALSE
MSH6_8.,T[C>T]C,FALSE
MSH6_8.,C[C>T]C,FALSE
MSH6_8.,T[C>T]A,FALSE
MSH6_8.,G[C>T]T,FALSE
MSH6_8.,T[C>T]A,FALSE
MSH6_8.,T[C>T]A,FALSE
MSH6_8.,A[C>T]A,FALSE
MSH6_8.,A[C>T]C,FALSE
MSH6_8.,T[C>G]T,FALSE
MSH6_8.,T[C>T]A,FALSE
MSH6_8.,C[C>T]C,FALSE
MSH6_8.,G[C>T]G,FALSE
MSH6_8.,T[C>T]A,FALSE
MSH6_8.,A[C>T]T,FALSE
MSH6_8.,C[C>T]A,FALSE
MSH6_8.,G[C>T]A,FALSE
MSH6_8.,T[C>T]A,FALSE
MSH6_8.,G[C>T]G,FALSE
MSH6_8.,T[C>T]T,FALSE
MSH6_8.,A[C>T]C,FALSE
MSH6_8.,G[C>T]A,FALSE
MSH6_8.,C[C>T]A,FALSE
MSH6_8.,C[C>T]C,FALSE
MSH6_8.,G[C>T]T,FALSE
MSH6_8.,T[C>T]T,FALSE
MSH6_8.,G[C>T]T,FALSE
MSH6_8.,G[C>T]A,FALSE
MSH6_8.,A[C>T]T,FALSE
MSH6_8.,A[C>T]C,FALSE
MSH6_8.,C[C>T]C,FALSE
MSH6_8.,A[C>T]G,FALSE
MSH6_8.,G[C>T]T,FALSE
MSH6_8.,T[C>T]T,FALSE
MSH6_8.,G[C>T]A,FALSE
MSH6_8.,C[C>T]G,TRUE
MSH6_8.,C[C>T]C,FALSE
MSH6_8.,T[C>T]A,FALSE
MSH6_8.,T[C>T]T,FALSE
MSH6_8.,T[C>T]T,FALSE
MSH6_8.,T[C>T]A,FALSE
MSH6_8.,C[C>T]T,FALSE
MSH6_8.,A[C>T]A,FALSE
MSH6_8.,C[C>T]G,TRUE
MSH6_8.,T[C>T]T,FALSE
MSH6_8.,G[C>T]T,FALSE
MSH6_8.,G[C>T]T,FALSE
MSH6_8.,A[C>T]A,FALSE
MSH6_8.,G[C>T]A,FALSE
MSH6_8.,T[C>T]C,FALSE
MSH6_8.,C[C>T]C,FALSE
MSH6_8.,G[C>T]C,FALSE
MSH6_8.,G[C>T]A,FALSE
MSH6_8.,C[C>T]A,FALSE
MSH6_8.,G[C>G]A,FALSE
MSH6_8.,A[C>T]G,FALSE
MSH6_8.,C[C>T]A,FALSE
MSH6_8.,G[C>T]A,FALSE
MSH6_8.,G[C>T]C,FALSE
MSH6_8.,A[C>T]T,FALSE
MSH6_8.,A[C>T]G,TRUE
MSH6_8.,T[C>T]T,FALSE
MSH6_8.,C[C>T]T,FALSE
MSH6_8.,C[C>T]A,FALSE
MSH6_8.,T[C>T]C,FALSE
MSH6_8.,T[C>T]C,FALSE
MSH6_8.,T[C>T]T,FALSE
MSH6_8.,G[C>T]T,FALSE
MSH6_8.,C[C>T]G,FALSE
MSH6_8.,G[C>T]A,FALSE
MSH6_8.,G[C>T]A,FALSE
MSH6_8.,T[C>T]A,FALSE
MSH6_8.,A[C>T]T,FALSE
MSH6_8.,T[C>T]T,FALSE
MSH6_8.,G[C>T]T,FALSE
MSH6_8.,C[C>T]G,FALSE
MSH6_8.,A[C>T]T,FALSE
MSH6_8.,T[C>T]T,FALSE
MSH6_8.,G[C>T]A,FALSE
MSH6_8.,G[C>T]T,FALSE
MSH6_8.,T[C>T]G,FALSE
MSH6_8.,A[C>T]C,FALSE
MSH6_8.,A[C>T]A,FALSE
MSH6_8.,G[C>T]A,FALSE
MSH6_8.,G[C>T]C,FALSE
MSH6_8.,A[C>T]G,FALSE
MSH6_8.,C[C>T]C,FALSE
MSH6_8.,T[C>T]T,FALSE
MSH6_8.,A[C>T]G,FALSE
MSH6_8.,C[C>T]A,FALSE
MSH6_8.,A[C>T]G,TRUE
MSH6_8.,G[C>T]A,FALSE
MSH6_8.,C[C>T]C,FALSE
MSH6_8.,T[C>T]G,FALSE
MSH6_8.,G[C>T]T,FALSE
MSH6_8.,A[C>T]C,FALSE
MSH6_8.,G[C>T]C,FALSE
MSH6_8.,C[C>T]A,FALSE
MSH6_8.,T[C>T]T,FALSE
MSH6_8.,C[C>T]T,FALSE
MSH6_8.,T[C>T]T,FALSE
MSH6_8.,A[C>T]T,FALSE
MSH6_8.,G[C>T]A,FALSE
MSH6_8.,G[C>T]C,FALSE
MSH6_8.,A[C>T]T,FALSE
MSH6_8.,C[C>T]A,FALSE
MSH6_8.,C[C>T]C,FALSE
MSH6_8.,G[T>C]C,TRUE
MSH6_8.,G[C>T]T,FALSE
MSH6_8.,C[C>T]A,FALSE
MSH6_8.,A[C>T]C,FALSE
MSH6_8.,C[C>T]T,FALSE
MSH6_8.,C[C>T]C,FALSE
MSH6_8.,C[C>T]A,FALSE
MSH6_8.,A[C>T]A,FALSE
MSH6_8.,T[C>T]A,FALSE
MSH6_8.,C[C>T]C,FALSE
MSH6_8.,C[C>T]A,FALSE
MSH6_8.,C[C>T]G,FALSE
MSH6_8.,T[C>T]A,FALSE
MSH6_8.,G[C>T]T,FALSE
MSH6_8.,A[C>T]C,FALSE
MSH6_8.,C[C>T]T,FALSE
MSH6_8.,T[C>T]T,FALSE
MSH6_8.,T[C>T]A,FALSE
MSH6_8.,T[C>T]A,FALSE
MSH6_8.,G[C>T]T,FALSE
MSH6_8.,T[C>T]T,FALSE
MSH6_8.,A[C>T]T,FALSE
MSH6_8.,A[C>T]C,FALSE
MSH6_8.,G[C>T]T,FALSE
MSH6_8.,G[C>T]G,FALSE
MSH6_8.,T[C>T]A,FALSE
MSH6_8.,T[C>T]G,FALSE
MSH6_8.,T[C>T]C,FALSE
MSH6_8.,G[C>T]A,FALSE
MSH6_8.,T[C>T]T,FALSE
MSH6_8.,G[C>T]T,FALSE
MSH6_8.,T[C>T]T,FALSE
MSH6_8.,C[C>T]T,FALSE
MSH6_8.,G[C>T]A,FALSE
MSH6_8.,C[C>T]C,FALSE
MSH6_8.,G[C>T]C,FALSE
MSH6_8.,T[C>T]C,FALSE
MSH6_8.,G[C>T]T,FALSE
MSH6_8.,C[C>T]C,FALSE
MSH6_8.,A[C>T]G,FALSE
MSH6_8.,G[C>T]C,FALSE
MSH6_8.,G[C>T]T,FALSE
MSH6_8.,C[C>T]A,FALSE
MSH6_8.,G[C>T]T,FALSE
MSH6_8.,T[C>T]A,FALSE
MSH6_8.,T[C>T]T,FALSE
MSH6_8.,G[C>T]A,FALSE
MSH6_8.,G[C>T]A,FALSE
MSH6_8.,A[C>T]A,FALSE
MSH6_8.,A[C>T]G,FALSE
MSH6_8.,A[C>T]C,FALSE
MSH6_8.,T[C>T]T,FALSE
MSH6_8.,G[C>T]T,FALSE
MSH6_8.,T[C>T]T,FALSE
MSH6_8.,A[C>T]A,FALSE
MSH6_8.,G[C>T]A,FALSE
MSH6_8.,T[C>T]T,FALSE
MSH6_8.,G[C>T]C,FALSE
MSH6_8.,C[C>T]C,FALSE
MSH6_8.,C[C>T]T,FALSE
MSH6_8.,C[C>T]C,FALSE
MSH6_8.,T[C>T]A,FALSE
MSH6_8.,C[C>T]C,FALSE
MSH6_8.,A[C>T]A,FALSE
MSH6_8.,C[C>T]A,FALSE
MSH6_8.,G[C>T]A,FALSE
MSH6_8.,G[C>T]T,FALSE
MSH6_8.,T[C>T]C,FALSE
MSH6_8.,G[C>T]A,FALSE
MSH6_8.,T[C>T]T,FALSE
MSH6_8.,T[C>T]T,FALSE
MSH6_8.,G[C>T]T,FALSE
MSH6_8.,C[C>T]G,FALSE
MSH6_8.,T[C>T]C,FALSE
MSH6_8.,C[C>T]A,FALSE
MSH6_8.,T[C>T]A,FALSE
MSH6_8.,C[C>T]G,FALSE
MSH6_8.,T[C>T]T,FALSE
MSH6_8.,C[C>T]G,FALSE
MSH6_8.,A[C>T]A,FALSE
MSH6_8.,A[C>T]G,TRUE
MSH6_8.,A[C>T]C,FALSE
MSH6_8.,T[C>T]A,FALSE
MSH6_8.,C[C>T]C,FALSE
MSH6_8.,A[C>T]G,FALSE
MSH6_8.,G[C>T]A,FALSE
MSH6_8.,T[C>T]T,FALSE
MSH6_8.,T[C>T]C,FALSE
MSH6_8.,G[C>T]A,FALSE
MSH6_8.,C[C>T]G,FALSE
MSH6_8.,G[C>T]G,FALSE
MSH6_8.,A[C>T]G,FALSE
MSH6_8.,C[C>T]C,FALSE
MSH6_8.,G[C>T]C,FALSE
MSH6_8.,T[C>T]A,FALSE
MSH6_8.,C[C>T]A,FALSE
MSH6_8.,C[C>T]C,FALSE
MSH6_8.,C[C>A]T,TRUE
MSH6_8.,T[C>T]C,FALSE
MSH6_8.,T[C>T]C,FALSE
MSH6_8.,A[C>T]A,FALSE
MSH6_8.,T[C>T]A,FALSE
MSH6_8.,T[C>T]T,FALSE
MSH6_8.,A[C>T]A,FALSE
MSH6_8.,C[C>T]G,TRUE
MSH6_8.,T[C>T]A,FALSE
MSH6_8.,C[C>T]A,FALSE
MSH6_8.,G[C>T]T,FALSE
MSH6_8.,T[C>T]C,FALSE
MSH6_8.,A[C>T]T,FALSE
MSH6_8.,T[C>T]C,FALSE
MSH6_8.,C[C>T]T,FALSE
MSH6_8.,A[C>T]A,FALSE
MSH6_8.,C[C>T]T,FALSE
MSH6_8.,T[C>T]C,FALSE
MSH6_8.,G[C>T]G,FALSE
MSH6_8.,T[C>T]T,FALSE
MSH6_8.,G[C>T]C,FALSE
MSH6_8.,C[C>T]T,FALSE
MSH6_8.,T[C>T]C,FALSE
MSH6_8.,C[C>T]G,FALSE
MSH6_8.,G[C>T]G,FALSE
MSH6_8.,G[C>T]C,FALSE
MSH6_8.,A[C>T]A,FALSE
MSH6_8.,G[C>T]C,FALSE
MSH6_8.,G[C>T]T,FALSE
MSH6_8.,C[C>T]A,FALSE
MSH6_8.,A[C>T]A,FALSE
MSH6_8.,C[C>T]A,FALSE
MSH6_8.,A[C>T]C,FALSE
MSH6_8.,C[C>T]A,FALSE
MSH6_8.,G[C>T]A,FALSE
MSH6_8.,A[C>T]A,FALSE
MSH6_8.,T[C>T]A,FALSE
MSH6_8.,G[C>T]T,FALSE
MSH6_8.,A[C>T]T,FALSE
MSH6_8.,T[C>T]T,FALSE
MSH6_8.,T[C>T]T,FALSE
MSH6_8.,A[C>T]T,FALSE
MSH6_8.,G[C>T]T,FALSE
MSH6_8.,g[C>T]c,FALSE
MSH6_8.,G[C>T]T,FALSE
MSH6_8.,C[C>T]A,FALSE
MSH6_8.,T[C>T]T,FALSE
MSH6_8.,T[C>T]T,FALSE
MSH6_8.,T[C>T]T,FALSE
MSH6_8.,T[C>T]T,FALSE
MSH6_8.,A[C>T]A,FALSE
MSH6_8.,A[C>T]C,FALSE
MSH6_8.,A[C>T]T,TRUE
MSH6_8.,T[C>T]A,FALSE
MSH6_8.,C[C>T]G,FALSE
MSH6_8.,C[C>T]A,FALSE
MSH6_8.,C[C>T]G,FALSE
MSH6_8.,T[C>T]A,FALSE
MSH6_8.,A[C>T]G,FALSE
MSH6_8.,T[C>T]A,FALSE
MSH6_8.,G[C>T]T,FALSE
MSH6_8.,G[C>T]G,FALSE
MSH6_8.,C[C>T]C,FALSE
MSH6_8.,A[C>T]C,FALSE
MSH6_8.,C[C>T]G,FALSE
MSH6_8.,G[C>T]A,FALSE
MSH6_8.,T[C>T]T,FALSE
MSH6_8.,G[C>T]A,FALSE
MSH6_8.,C[C>T]C,FALSE
MSH6_8.,C[C>T]C,FALSE
MSH6_8.,C[C>T]G,FALSE
MSH6_8.,T[C>T]T,FALSE
MSH6_8.,T[C>T]T,FALSE
MSH6_8.,C[C>T]T,FALSE
MSH6_8.,G[C>T]C,FALSE
MSH6_8.,A[C>T]T,FALSE
MSH6_8.,G[C>T]T,FALSE
MSH6_8.,G[C>T]A,FALSE
MSH6_8.,T[C>T]G,FALSE
MSH6_8.,C[C>T]A,FALSE
MSH6_8.,T[C>T]C,FALSE
MSH6_8.,G[C>T]A,FALSE
MSH6_8.,T[C>T]C,FALSE
MSH6_8.,A[C>T]A,FALSE
MSH6_8.,C[C>T]A,FALSE
MSH6_8.,C[C>T]C,FALSE
MSH6_8.,T[C>T]C,FALSE
MSH6_8.,C[C>T]A,FALSE
MSH6_8.,G[C>T]G,FALSE
MSH6_8.,C[C>T]A,FALSE
MSH6_8.,A[C>T]G,FALSE
MSH6_8.,C[C>T]A,FALSE
MSH6_8.,T[C>T]T,FALSE
MSH6_8.,A[C>T]A,FALSE
MSH6_8.,G[C>T]C,FALSE
MSH6_8.,C[C>T]A,FALSE
MSH6_8.,G[C>T]A,FALSE
MSH6_8.,C[C>T]A,FALSE
MSH6_8.,T[C>T]A,FALSE
MSH6_8.,T[C>T]A,FALSE
MSH6_8.,C[C>T]G,FALSE
MSH6_8.,A[C>T]A,FALSE
MSH6_8.,A[C>T]C,FALSE
MSH6_8.,T[C>T]G,FALSE
MSH6_8.,G[C>T]C,FALSE
MSH6_8.,T[C>T]T,FALSE
MSH6_8.,G[C>T]T,FALSE
MSH6_8.,A[C>T]T,FALSE
MSH6_8.,C[C>T]A,FALSE
MSH6_8.,C[C>T]A,FALSE
MSH6_8.,G[C>T]T,FALSE
MSH6_8.,C[C>T]T,FALSE
MSH6_8.,G[C>T]T,FALSE
MSH6_8.,T[C>T]C,FALSE
MSH6_8.,C[C>T]C,FALSE
MSH6_8.,C[C>T]A,FALSE
MSH6_8.,C[C>T]T,FALSE
MSH6_8.,C[C>T]C,FALSE
MSH6_8.,T[C>T]C,FALSE
MSH6_8.,A[C>T]G,FALSE
MSH6_8.,T[C>T]A,FALSE
MSH6_8.,G[C>T]T,FALSE
MSH6_8.,C[C>T]T,FALSE
MSH6_8.,A[C>T]T,FALSE
MSH6_8.,T[C>T]C,FALSE
MSH6_8.,T[C>T]A,FALSE
MSH6_8.,C[C>T]A,FALSE
MSH6_8.,C[C>T]A,FALSE
MSH6_8.,T[C>T]A,FALSE
MSH6_8.,T[C>T]C,FALSE
MSH6_8.,T[C>T]T,FALSE
MSH6_8.,A[C>T]G,FALSE
MSH6_8.,G[C>T]T,FALSE
MSH6_8.,T[C>T]T,FALSE
MSH6_8.,G[C>T]C,FALSE
MSH6_8.,T[C>T]C,FALSE
MSH6_8.,T[C>G]T,FALSE
MSH6_8.,G[C>T]A,FALSE
MSH6_8.,C[C>T]A,FALSE
MSH6_8.,T[C>T]A,FALSE
MSH6_8.,T[C>T]T,FALSE
MSH6_8.,G[C>T]G,FALSE
MSH6_8.,T[C>T]T,FALSE
MSH6_8.,T[C>T]A,FALSE
MSH6_8.,A[C>T]A,FALSE
MSH6_8.,g[C>T]t,FALSE
MSH6_8.,T[C>T]A,FALSE
MSH6_8.,C[C>T]A,FALSE
MSH6_8.,T[C>T]A,FALSE
MSH6_8.,T[C>T]C,FALSE
MSH6_8.,T[C>T]A,FALSE
MSH6_8.,T[C>T]G,FALSE
MSH6_8.,T[C>T]A,FALSE
MSH6_8.,G[C>T]C,FALSE
MSH6_8.,G[C>T]C,TRUE
MSH6_8.,A[C>T]A,FALSE
MSH6_8.,C[C>T]G,FALSE
MSH6_8.,A[C>T]A,FALSE
MSH6_8.,A[C>T]A,FALSE
MSH6_8.,T[C>T]A,FALSE
MSH6_8.,C[C>T]T,FALSE
MSH6_8.,C[C>T]T,FALSE
MSH6_8.,A[C>T]T,FALSE
MSH6_8.,G[C>T]C,FALSE
MSH6_8.,A[C>T]T,FALSE
MSH6_8.,G[C>T]C,FALSE
MSH6_8.,C[C>T]G,FALSE
MSH6_8.,A[T>C]G,TRUE
MSH6_8.,G[C>T]C,FALSE
MSH6_8.,C[C>T]T,FALSE
MSH6_8.,T[C>T]A,FALSE
MSH6_8.,A[C>T]T,FALSE
MSH6_8.,G[C>T]T,FALSE
MSH6_8.,A[C>T]C,FALSE
MSH6_8.,G[C>T]G,FALSE
MSH6_8.,C[C>T]A,FALSE
MSH6_8.,C[C>T]C,FALSE
MSH6_8.,T[C>T]C,FALSE
MSH6_8.,C[C>T]C,FALSE
MSH6_8.,G[C>T]G,FALSE
MSH6_8.,A[C>T]A,FALSE
MSH6_8.,A[C>T]T,FALSE
MSH6_8.,C[C>T]T,FALSE
MSH6_8.,C[C>T]A,FALSE
MSH6_8.,G[C>T]T,FALSE
MSH6_8.,C[C>T]G,FALSE
MSH6_8.,A[C>T]T,FALSE
MSH6_8.,T[C>T]C,FALSE
MSH6_8.,C[C>T]T,FALSE
MSH6_8.,T[C>T]G,FALSE
MSH6_8.,C[C>T]T,FALSE
MSH6_8.,A[C>T]T,FALSE
MSH6_8.,C[C>T]T,FALSE
MSH6_8.,G[C>T]C,FALSE
MSH6_8.,A[C>T]A,FALSE
MSH6_8.,C[T>C]G,FALSE
MSH6_8.,T[C>T]T,FALSE
MSH6_8.,T[C>T]A,FALSE
MSH6_8.,T[C>T]T,FALSE
MSH6_8.,G[C>T]A,FALSE
MSH6_8.,C[C>T]T,FALSE
MSH6_8.,C[C>T]A,FALSE
MSH6_8.,A[C>T]T,FALSE
MSH6_8.,A[C>T]C,FALSE
MSH6_8.,c[C>T]c,TRUE
MSH6_8.,A[C>T]C,FALSE
MSH6_8.,A[C>T]T,FALSE
MSH6_8.,G[C>T]G,FALSE
MSH6_8.,T[C>T]A,FALSE
MSH6_8.,G[C>T]T,FALSE
MSH6_8.,A[C>T]A,FALSE
MSH6_8.,C[C>T]G,TRUE
MSH6_8.,T[C>T]T,FALSE
MSH6_8.,T[C>T]T,FALSE
MSH6_8.,A[C>T]C,FALSE
MSH6_8.,T[C>T]A,FALSE
MSH6_8.,T[C>T]T,FALSE
MSH6_8.,G[C>T]T,FALSE
MSH6_8.,G[C>T]C,FALSE
MSH6_8.,C[C>T]T,FALSE
MSH6_8.,G[C>T]G,FALSE
MSH6_8.,T[C>T]G,FALSE
MSH6_8.,T[C>T]T,FALSE
MSH6_8.,C[C>T]C,FALSE
MSH6_8.,C[C>T]A,FALSE
MSH6_8.,A[C>T]C,FALSE
MSH6_8.,C[C>T]A,FALSE
MSH6_8.,C[C>T]T,FALSE
MSH6_8.,G[C>T]C,FALSE
MSH6_8.,T[C>T]C,FALSE
MSH6_8.,A[C>T]C,FALSE
MSH6_8.,C[T>C]G,FALSE
MSH6_8.,C[C>T]A,FALSE
MSH6_8.,G[C>T]T,FALSE
MSH6_8.,T[C>T]C,FALSE
MSH6_8.,A[C>T]G,FALSE
MSH6_8.,A[C>T]G,TRUE
MSH6_8.,C[C>T]A,FALSE
MSH6_8.,G[C>T]C,FALSE
MSH6_8.,G[C>T]T,FALSE
MSH6_8.,A[C>T]A,FALSE
MSH6_8.,T[C>T]A,FALSE
MSH6_8.,C[C>T]A,FALSE
MSH6_8.,A[C>T]C,FALSE
MSH6_8.,G[C>T]A,FALSE
MSH6_8.,G[C>T]A,FALSE
MSH6_8.,G[C>T]T,FALSE
MSH6_8.,G[C>T]T,FALSE
MSH6_8.,G[C>T]C,FALSE
MSH6_8.,C[C>T]G,FALSE
MSH6_8.,G[C>T]A,FALSE
MSH6_8.,A[C>T]G,FALSE
MSH6_8.,T[C>T]G,FALSE
MSH6_8.,T[C>T]C,FALSE
MSH6_8.,G[C>T]A,FALSE
MSH6_8.,C[C>T]C,FALSE
MSH6_8.,G[C>A]T,FALSE
MSH6_8.,G[C>T]T,FALSE
MSH6_8.,C[C>T]A,FALSE
MSH6_8.,A[C>T]T,FALSE
MSH6_8.,A[C>T]C,FALSE
MSH6_8.,T[C>T]T,FALSE
MSH6_8.,T[C>T]C,FALSE
MSH6_8.,G[C>T]T,FALSE
MSH6_8.,C[T>C]C,FALSE
MSH6_8.,T[C>T]T,FALSE
MSH6_8.,T[C>T]G,FALSE
MSH6_8.,C[C>T]A,FALSE
MSH6_8.,T[C>T]C,FALSE
MSH6_8.,T[C>T]A,FALSE
MSH6_8.,G[C>T]G,TRUE
MSH6_8.,a[C>T]t,FALSE
MSH6_8.,T[C>T]A,FALSE
MSH6_8.,C[C>T]T,FALSE
MSH6_8.,C[C>T]A,FALSE
MSH6_8.,T[C>T]A,FALSE
MSH6_8.,T[C>T]T,FALSE
MSH6_8.,A[C>T]T,FALSE
MSH6_8.,A[C>T]T,FALSE
MSH6_8.,C[C>T]T,FALSE
MSH6_8.,T[C>T]T,FALSE
MSH6_8.,a[C>T]c,FALSE
MSH6_8.,C[C>T]T,FALSE
MSH6_8.,T[C>T]T,FALSE
MSH6_8.,A[C>T]T,FALSE
MSH6_8.,A[C>T]A,FALSE
MSH6_8.,C[C>T]A,FALSE
MSH6_8.,T[C>T]T,FALSE
MSH6_8.,G[C>T]T,FALSE
MSH6_8.,T[C>T]T,FALSE
MSH6_8.,T[C>T]A,FALSE
MSH6_8.,G[C>T]C,FALSE
MSH6_8.,A[C>T]A,FALSE
MSH6_8.,C[C>T]A,FALSE
MSH6_8.,T[T>C]G,FALSE
MSH6_8.,T[T>C]T,FALSE
MSH6_8.,G[C>T]C,FALSE
MSH6_8.,T[C>T]A,FALSE
MSH6_8.,C[C>T]C,FALSE
MSH6_8.,A[C>T]A,FALSE
MSH6_8.,G[C>T]C,FALSE
MSH6_8.,G[C>T]A,FALSE
MSH6_8.,T[C>T]A,FALSE
MSH6_8.,A[C>T]A,FALSE
PMS2_10.,T[C>T]C,FALSE
PMS2_10.,t[C>T]g,TRUE
PMS2_10.,A[T>A]T,FALSE
PMS2_10.,G[C>T]C,FALSE
PMS2_10.,A[C>T]G,TRUE
PMS2_10.,A[C>T]T,FALSE
PMS2_10.,A[C>T]G,FALSE
PMS2_10.,C[C>T]G,TRUE
PMS2_10.,G[T>C]A,TRUE
PMS2_10.,C[C>T]A,FALSE
PMS2_10.,T[T>C]G,TRUE
PMS2_10.,A[C>T]G,TRUE
PMS2_10.,A[C>T]C,FALSE
PMS2_10.,A[C>G]A,FALSE
PMS2_10.,G[C>T]C,FALSE
PMS2_10.,T[C>T]C,FALSE
PMS2_10.,C[T>G]T,TRUE
PMS2_10.,C[T>G]C,TRUE
PMS2_10.,G[C>T]G,TRUE
PMS2_10.,t[T>C]g,TRUE
PMS2_10.,A[T>C]T,TRUE
PMS2_10.,G[C>T]A,FALSE
PMS2_10.,A[C>T]C,FALSE
PMS2_10.,G[T>C]G,TRUE
PMS2_10.,T[C>T]A,FALSE
PMS2_10.,C[C>T]G,FALSE
PMS2_10.,T[C>T]A,FALSE
PMS2_10.,C[T>C]A,TRUE
PMS2_10.,T[T>C]A,FALSE
PMS2_10.,C[T>C]T,FALSE
PMS2_10.,G[C>T]A,FALSE
PMS2_10.,G[C>T]G,FALSE
PMS2_10.,T[C>T]C,FALSE
PMS2_10.,C[T>G]G,FALSE
PMS2_10.,A[C>T]A,TRUE
PMS2_10.,G[T>C]A,TRUE
PMS2_10.,A[T>C]A,TRUE
PMS2_10.,A[C>G]A,FALSE
PMS2_10.,G[C>T]G,FALSE
PMS2_10.,C[C>T]T,FALSE
PMS2_10.,A[C>T]C,FALSE
PMS2_10.,C[C>T]T,FALSE
PMS2_10.,C[C>T]G,FALSE
PMS2_10.,C[C>T]A,FALSE
PMS2_10.,G[T>C]T,FALSE
PMS2_10.,C[T>A]G,FALSE
PMS2_10.,C[C>T]C,FALSE
PMS2_10.,A[T>A]T,FALSE
PMS2_10.,C[C>T]A,FALSE
PMS2_10.,A[T>C]G,TRUE
PMS2_10.,A[C>T]G,FALSE
PMS2_10.,A[T>A]T,FALSE
PMS2_10.,A[T>C]C,TRUE
PMS2_10.,A[C>T]A,FALSE
PMS2_10.,A[C>T]T,FALSE
PMS2_10.,C[C>T]T,FALSE
PMS2_10.,T[C>T]A,FALSE
PMS2_10.,G[C>T]C,FALSE
PMS2_10.,A[T>C]G,TRUE
PMS2_10.,A[C>T]A,FALSE
PMS2_10.,G[C>T]A,FALSE
PMS2_10.,A[C>T]C,TRUE
PMS2_10.,G[C>T]G,TRUE
PMS2_10.,G[C>T]C,FALSE
PMS2_10.,A[T>C]T,TRUE
PMS2_10.,T[T>G]T,TRUE
PMS2_10.,G[C>T]G,FALSE
PMS2_10.,G[C>T]T,FALSE
PMS2_10.,T[C>T]A,FALSE
PMS2_10.,T[T>A]C,TRUE
PMS2_10.,G[T>C]G,TRUE
PMS2_10.,T[C>T]A,FALSE
PMS2_10.,A[T>C]G,FALSE
PMS2_10.,G[C>T]C,FALSE
PMS2_10.,C[C>T]C,FALSE
PMS2_10.,T[C>T]C,FALSE
PMS2_10.,A[C>T]C,FALSE
PMS2_10.,T[C>T]C,FALSE
PMS2_10.,C[C>T]T,FALSE
PMS2_10.,T[C>T]C,FALSE
PMS2_10.,T[C>T]A,FALSE
PMS2_10.,A[C>T]G,FALSE
PMS2_10.,A[C>T]T,TRUE
PMS2_10.,C[C>T]T,TRUE
PMS2_10.,T[T>C]A,FALSE
PMS2_10.,G[T>C]A,FALSE
PMS2_10.,T[T>C]T,FALSE
PMS2_10.,A[C>T]A,FALSE
PMS2_10.,C[C>T]T,FALSE
PMS2_10.,C[C>T]G,TRUE
PMS2_10.,G[C>T]T,FALSE
PMS2_10.,T[C>T]A,FALSE
PMS2_10.,g[T>C]c,TRUE
PMS2_10.,c[C>T]t,FALSE
PMS2_10.,G[C>T]A,TRUE
PMS2_10.,A[C>T]A,FALSE
PMS2_10.,A[T>C]A,TRUE
PMS2_10.,A[T>C]C,TRUE
PMS2_10.,T[C>T]T,FALSE
PMS2_10.,A[C>T]C,FALSE
PMS2_10.,C[T>C]C,TRUE
PMS2_10.,t[C>G]t,TRUE
PMS2_10.,A[C>T]A,FALSE
PMS2_10.,A[C>A]A,FALSE
PMS2_10.,T[C>T]A,FALSE
PMS2_10.,C[C>T]T,FALSE
PMS2_10.,T[C>T]C,FALSE
PMS2_10.,G[C>T]C,TRUE
PMS2_10.,A[C>T]C,FALSE
PMS2_10.,A[C>T]G,FALSE
PMS2_10.,A[C>T]T,FALSE
PMS2_10.,T[C>T]T,FALSE
PMS2_10.,G[T>G]G,TRUE
PMS2_10.,A[T>C]G,TRUE
PMS2_10.,C[C>T]A,FALSE
PMS2_10.,T[C>A]C,FALSE
PMS2_10.,T[T>A]T,FALSE
PMS2_10.,G[C>T]A,FALSE
PMS2_10.,G[C>T]C,TRUE
PMS2_10.,A[C>T]G,TRUE
PMS2_10.,C[C>T]G,FALSE
PMS2_10.,G[T>C]C,TRUE
PMS2_10.,C[C>G]G,TRUE
PMS2_10.,C[C>T]A,FALSE
PMS2_10.,G[C>T]G,TRUE
PMS2_10.,G[C>A]G,TRUE
PMS2_10.,A[T>C]G,FALSE
PMS2_10.,T[C>T]T,FALSE
PMS2_10.,A[C>T]G,FALSE
PMS2_10.,C[C>T]C,FALSE
PMS2_10.,A[C>T]C,FALSE
PMS2_10.,A[T>C]G,TRUE
PMS2_10.,C[C>A]A,FALSE
PMS2_10.,A[C>A]A,FALSE
PMS2_10.,G[C>T]C,FALSE
PMS2_10.,T[C>T]A,FALSE
PMS2_10.,T[C>T]G,FALSE
PMS2_10.,A[C>T]A,FALSE
PMS2_10.,A[C>T]A,FALSE
PMS2_10.,T[C>T]T,FALSE
PMS2_10.,C[C>T]C,FALSE
PMS2_10.,G[C>T]T,TRUE
PMS2_10.,A[C>T]T,FALSE
PMS2_10.,A[C>T]G,TRUE
PMS2_10.,G[C>T]C,TRUE
PMS2_10.,A[C>A]A,FALSE
PMS2_10.,A[C>T]A,FALSE
PMS2_10.,A[C>T]T,FALSE
PMS2_10.,A[T>C]T,TRUE
PMS2_10.,C[C>T]A,FALSE
PMS2_10.,G[C>T]A,FALSE
PMS2_10.,T[C>T]C,FALSE
PMS2_10.,A[C>G]T,FALSE
PMS2_10.,G[T>A]C,TRUE
PMS2_10.,T[C>T]C,FALSE
PMS2_10.,T[C>T]A,FALSE
PMS2_10.,G[T>C]C,TRUE
PMS2_10.,C[C>T]C,FALSE
PMS2_10.,A[C>T]G,TRUE
PMS2_10.,T[C>T]C,TRUE
PMS2_10.,G[C>T]A,FALSE
PMS2_10.,C[C>T]A,FALSE
PMS2_10.,T[C>T]C,FALSE
PMS2_10.,T[C>T]C,FALSE
PMS2_10.,T[C>T]T,FALSE
PMS2_10.,T[T>C]C,TRUE
PMS2_10.,A[C>T]A,FALSE
PMS2_10.,t[C>T]t,FALSE
PMS2_10.,C[C>A]G,TRUE
PMS2_10.,C[T>G]T,TRUE
PMS2_10.,C[C>T]G,FALSE
PMS2_10.,C[T>A]A,FALSE
PMS2_10.,C[T>C]A,TRUE
PMS2_10.,t[C>T]a,FALSE
PMS2_10.,C[C>T]T,FALSE
PMS2_10.,T[T>C]A,TRUE
PMS2_10.,T[T>C]T,TRUE
PMS2_10.,G[C>T]C,FALSE
PMS2_10.,A[C>T]G,TRUE
PMS2_10.,A[C>T]A,FALSE
PMS2_10.,A[T>C]G,TRUE
PMS2_10.,C[T>C]G,TRUE
PMS2_10.,A[C>A]A,FALSE
PMS2_10.,C[C>T]A,FALSE
PMS2_10.,G[C>T]T,FALSE
PMS2_10.,G[C>T]C,FALSE
PMS2_10.,C[C>T]T,FALSE
PMS2_10.,G[C>A]T,FALSE
PMS2_10.,G[C>A]A,FALSE
PMS2_10.,G[C>A]A,FALSE
PMS2_10.,T[T>C]A,FALSE
PMS2_10.,G[C>T]G,TRUE
PMS2_10.,C[C>T]G,FALSE
PMS2_10.,C[C>T]A,FALSE
PMS2_10.,A[C>T]T,FALSE
PMS2_10.,A[T>C]C,TRUE
PMS2_10.,T[C>T]C,FALSE
PMS2_10.,C[T>A]G,TRUE
PMS2_10.,A[C>T]C,FALSE
PMS2_10.,C[C>T]T,FALSE
PMS2_10.,G[C>T]C,TRUE
PMS2_10.,A[C>T]A,FALSE
PMS2_10.,G[C>T]A,FALSE
PMS2_10.,A[C>T]A,FALSE
PMS2_10.,C[C>T]T,FALSE
PMS2_10.,G[C>T]A,FALSE
PMS2_10.,T[C>T]T,FALSE
PMS2_10.,C[T>C]G,FALSE
PMS2_10.,C[C>T]A,FALSE
PMS2_10.,A[T>C]C,TRUE
PMS2_10.,C[C>T]T,FALSE
PMS2_10.,A[C>T]T,FALSE
PMS2_10.,T[C>T]A,FALSE
PMS2_10.,T[C>T]A,FALSE
PMS2_10.,T[C>T]T,FALSE
PMS2_10.,T[C>T]G,FALSE
PMS2_10.,C[T>G]T,TRUE
PMS2_10.,G[C>T]T,FALSE
PMS2_10.,A[C>T]A,TRUE
PMS2_10.,C[T>C]A,FALSE
PMS2_10.,A[T>A]C,FALSE
PMS2_10.,T[C>T]A,FALSE
PMS2_10.,T[C>T]C,FALSE
PMS2_10.,C[C>T]T,FALSE
PMS2_10.,C[C>T]G,TRUE
PMS2_10.,G[C>T]G,TRUE
PMS2_10.,T[C>T]C,FALSE
PMS2_10.,T[C>T]C,FALSE
PMS2_10.,G[T>G]C,TRUE
PMS2_10.,G[C>T]G,TRUE
PMS2_10.,G[C>T]T,FALSE
PMS2_10.,C[T>C]T,TRUE
PMS2_10.,T[C>T]C,FALSE
PMS2_10.,A[C>T]G,TRUE
PMS2_10.,A[C>T]G,FALSE
PMS2_10.,A[C>T]T,FALSE
PMS2_10.,C[C>T]A,FALSE
PMS2_10.,A[C>T]C,FALSE
PMS2_10.,G[T>C]G,TRUE
PMS2_10.,A[C>T]G,FALSE
PMS2_10.,T[C>T]A,FALSE
PMS2_10.,T[T>C]A,TRUE
PMS2_10.,T[C>T]T,FALSE
PMS2_10.,G[C>T]C,FALSE
PMS2_10.,A[C>T]T,FALSE
PMS2_10.,A[C>T]A,FALSE
PMS2_10.,A[C>A]C,FALSE
PMS2_10.,A[C>T]T,FALSE
PMS2_10.,G[C>T]T,FALSE
PMS2_10.,T[C>T]T,FALSE
PMS2_10.,C[C>T]T,FALSE
PMS2_10.,T[C>T]A,FALSE
PMS2_10.,G[C>T]G,TRUE
PMS2_10.,G[C>A]C,FALSE
PMS2_10.,T[T>G]A,FALSE
PMS2_10.,C[C>T]C,FALSE
PMS2_10.,A[C>T]A,FALSE
PMS2_10.,T[C>T]A,FALSE
PMS2_10.,A[C>T]A,FALSE
PMS2_10.,C[C>T]T,FALSE
PMS2_10.,A[C>A]A,FALSE
PMS2_10.,G[C>T]G,TRUE
PMS2_10.,C[T>C]T,TRUE
PMS2_10.,A[C>T]T,FALSE
PMS2_10.,C[C>T]A,FALSE
PMS2_10.,G[C>T]G,TRUE
PMS2_10.,G[C>T]G,FALSE
PMS2_10.,T[C>T]C,TRUE
PMS2_10.,C[C>T]T,FALSE
PMS2_10.,G[T>C]A,TRUE
PMS2_10.,C[C>T]C,FALSE
PMS2_10.,G[C>T]A,FALSE
PMS2_10.,G[C>T]G,TRUE
PMS2_10.,C[C>T]C,FALSE
PMS2_10.,A[C>T]A,FALSE
PMS2_10.,C[C>T]A,FALSE
PMS2_10.,C[C>T]C,FALSE
PMS2_10.,T[T>C]G,TRUE
PMS2_10.,A[C>T]G,TRUE
PMS2_10.,A[C>T]C,FALSE
PMS2_10.,G[C>T]G,FALSE
PMS2_10.,T[C>T]G,FALSE
PMS2_10.,C[T>C]C,TRUE
PMS2_10.,A[C>A]T,FALSE
PMS2_10.,A[C>T]G,TRUE
PMS2_10.,T[C>T]C,FALSE
PMS2_10.,C[C>T]T,FALSE
PMS2_10.,G[C>T]C,FALSE
PMS2_10.,G[C>T]G,TRUE
PMS2_10.,T[C>T]T,FALSE
PMS2_10.,G[T>A]A,FALSE
PMS2_10.,T[C>T]C,FALSE
PMS2_10.,T[C>T]A,FALSE
PMS2_10.,C[T>C]G,TRUE
PMS2_10.,C[C>T]T,FALSE
PMS2_10.,C[C>T]T,TRUE
PMS2_10.,C[C>T]A,FALSE
PMS2_10.,A[C>A]C,TRUE
PMS2_10.,G[C>G]A,FALSE
PMS2_10.,C[C>A]T,FALSE
PMS2_10.,A[T>C]C,FALSE
PMS2_10.,C[C>A]C,FALSE
PMS2_10.,G[C>T]A,FALSE
PMS2_10.,T[T>A]A,FALSE
PMS2_10.,T[T>A]A,TRUE
PMS2_10.,T[C>T]A,FALSE
PMS2_10.,a[C>T]t,FALSE
PMS2_10.,G[C>T]G,TRUE
PMS2_10.,G[C>T]A,FALSE
PMS2_10.,A[C>T]A,FALSE
PMS2_10.,T[C>T]A,FALSE
PMS2_10.,G[C>T]A,FALSE
PMS2_10.,C[T>G]T,FALSE
PMS2_10.,G[C>T]G,FALSE
PMS2_10.,G[C>G]C,TRUE
PMS2_10.,T[C>T]T,FALSE
PMS2_10.,T[C>G]A,FALSE
PMS2_10.,C[T>C]A,FALSE
PMS2_10.,T[C>T]G,FALSE
PMS2_10.,G[C>T]C,TRUE
PMS2_10.,A[C>T]A,FALSE
PMS2_10.,G[C>T]G,TRUE
PMS2_10.,A[C>T]G,FALSE
PMS2_10.,A[C>T]T,FALSE
PMS2_10.,T[C>T]G,FALSE
PMS2_10.,T[C>T]T,FALSE
PMS2_10.,G[C>T]A,FALSE
PMS2_10.,A[C>T]A,FALSE
PMS2_10.,T[C>T]A,FALSE
PMS2_10.,T[C>T]A,TRUE
PMS2_10.,C[C>T]C,FALSE
PMS2_10.,T[C>T]T,FALSE
PMS2_10.,G[C>T]A,FALSE
PMS2_10.,C[C>T]A,FALSE
PMS2_10.,G[C>T]C,FALSE
PMS2_10.,A[C>T]A,FALSE
PMS2_10.,A[C>T]A,FALSE
PMS2_10.,C[C>T]G,FALSE
PMS2_10.,A[C>T]T,FALSE
PMS2_10.,c[C>T]a,FALSE
PMS2_10.,A[C>T]G,TRUE
PMS2_10.,G[C>T]G,TRUE
PMS2_10.,G[C>T]T,TRUE
PMS2_10.,C[T>C]A,TRUE
PMS2_10.,T[T>C]C,FALSE
PMS2_10.,A[T>C]G,FALSE
PMS2_10.,C[C>G]T,FALSE
PMS2_10.,C[T>C]T,FALSE
PMS2_10.,C[T>C]G,FALSE
PMS2_10.,C[C>T]T,FALSE
PMS2_10.,C[C>G]A,FALSE
PMS2_10.,G[C>A]T,FALSE
PMS2_10.,A[T>A]T,FALSE
PMS2_10.,A[C>T]T,FALSE
PMS2_10.,A[T>A]A,FALSE
PMS2_10.,G[C>T]A,FALSE
PMS2_10.,A[T>G]A,FALSE
PMS2_10.,G[T>C]G,FALSE
PMS2_10.,A[C>T]G,FALSE
PMS2_10.,T[C>T]C,FALSE
PMS2_10.,G[T>A]G,FALSE
PMS2_10.,A[T>C]T,FALSE
PMS2_10.,A[T>C]G,FALSE
PMS2_10.,A[T>C]A,FALSE
PMS2_10.,C[C>T]G,FALSE
PMS2_10.,G[T>C]A,FALSE
PMS2_10.,G[C>T]C,FALSE
PMS2_10.,G[T>C]G,FALSE
PMS2_10.,T[T>C]G,TRUE
PMS2_10.,G[T>C]G,TRUE
PMS2_10.,g[T>C]g,FALSE
PMS2_10.,A[C>T]G,FALSE
PMS2_10.,T[C>T]A,FALSE
PMS2_10.,A[T>C]G,TRUE
PMS2_10.,A[C>T]C,FALSE
PMS2_10.,C[C>T]C,FALSE
PMS2_10.,T[C>T]A,FALSE
PMS2_10.,C[C>T]T,FALSE
PMS2_10.,C[T>C]C,FALSE
PMS2_10.,A[C>T]T,FALSE
PMS2_10.,G[T>C]G,TRUE
PMS2_10.,T[C>T]A,FALSE
PMS2_10.,T[C>T]T,FALSE
PMS2_10.,T[C>T]C,FALSE
PMS2_10.,T[C>T]A,FALSE
PMS2_10.,T[C>T]A,FALSE
PMS2_10.,C[C>T]T,FALSE
PMS2_10.,G[T>C]T,TRUE
PMS2_10.,C[T>G]T,TRUE
PMS2_10.,G[C>T]A,FALSE
PMS2_10.,T[C>T]T,FALSE
PMS2_10.,G[C>A]A,FALSE
PMS2_10.,G[C>T]G,TRUE
PMS2_10.,T[C>T]G,FALSE
PMS2_10.,T[C>T]C,FALSE
PMS2_10.,C[T>G]A,FALSE
PMS2_10.,A[C>T]T,FALSE
PMS2_10.,T[C>T]A,FALSE
PMS2_10.,G[C>T]C,FALSE
PMS2_10.,A[C>T]T,FALSE
PMS2_10.,A[C>T]C,FALSE
PMS2_10.,C[C>T]A,FALSE
PMS2_10.,C[T>G]G,TRUE
PMS2_10.,C[T>C]G,TRUE
PMS2_10.,C[C>G]G,FALSE
PMS2_10.,T[T>C]C,FALSE
PMS2_10.,C[C>T]T,FALSE
PMS2_10.,G[C>T]C,FALSE
PMS2_10.,C[T>C]G,TRUE
PMS2_10.,G[C>T]C,FALSE
PMS2_10.,C[C>T]G,TRUE
PMS2_10.,G[C>T]A,FALSE
PMS2_10.,G[C>T]C,FALSE
PMS2_10.,A[C>T]C,FALSE
PMS2_10.,A[T>C]C,TRUE
PMS2_10.,C[C>T]C,FALSE
PMS2_10.,A[C>T]A,FALSE
PMS2_10.,A[C>T]C,FALSE
PMS2_10.,A[C>T]A,FALSE
PMS2_10.,C[C>T]C,FALSE
PMS2_10.,T[C>T]A,FALSE
PMS2_10.,A[C>T]C,TRUE
PMS2_10.,A[C>T]C,FALSE
PMS2_10.,T[C>T]T,FALSE
PMS2_10.,A[C>T]A,FALSE
PMS2_10.,G[C>T]C,FALSE
PMS2_10.,C[T>C]G,TRUE
PMS2_10.,C[T>C]G,TRUE
PMS2_10.,A[C>T]T,FALSE
PMS2_10.,T[C>T]T,FALSE
PMS2_10.,G[C>T]G,FALSE
PMS2_10.,C[C>T]G,TRUE
PMS2_10.,T[C>G]A,FALSE
PMS2_10.,C[T>C]C,FALSE
PMS2_10.,G[C>T]T,FALSE
PMS2_10.,C[C>T]C,TRUE
PMS2_10.,T[C>T]T,FALSE
PMS2_10.,G[T>C]G,FALSE
PMS2_10.,G[C>T]G,TRUE
PMS2_10.,G[C>T]G,TRUE
PMS2_10.,C[C>T]C,FALSE
PMS2_10.,C[C>T]T,FALSE
PMS2_10.,G[C>T]G,TRUE
PMS2_10.,G[C>T]C,FALSE
PMS2_10.,A[C>T]T,FALSE
PMS2_10.,T[C>T]G,FALSE
PMS2_10.,T[C>T]C,FALSE
PMS2_10.,C[C>T]A,FALSE
PMS2_10.,T[C>T]A,FALSE
PMS2_10.,C[C>T]C,FALSE
PMS2_10.,A[C>T]C,FALSE
PMS2_10.,C[C>T]T,FALSE
PMS2_10.,C[C>T]A,FALSE
PMS2_10.,G[T>C]G,FALSE
PMS2_10.,T[C>T]A,FALSE
PMS2_10.,T[C>G]A,FALSE
PMS2_10.,G[T>C]G,FALSE
PMS2_10.,G[C>T]T,FALSE
PMS2_10.,T[C>T]C,FALSE
PMS2_10.,A[C>T]G,FALSE
PMS2_10.,G[C>T]G,TRUE
PMS2_10.,T[C>T]C,TRUE
PMS2_10.,G[C>T]G,FALSE
PMS2_10.,A[C>A]C,FALSE
PMS2_10.,T[C>T]A,FALSE
PMS2_10.,A[C>T]C,TRUE
PMS2_10.,T[C>T]G,FALSE
PMS2_9.,T[C>T]G,TRUE
PMS2_9.,C[C>T]G,FALSE
PMS2_9.,G[C>T]T,TRUE
PMS2_9.,C[C>T]G,FALSE
PMS2_9.,A[C>T]T,FALSE
PMS2_9.,A[C>T]T,FALSE
PMS2_9.,C[C>T]G,TRUE
PMS2_9.,T[C>A]T,TRUE
PMS2_9.,C[C>T]G,TRUE
PMS2_9.,G[C>T]T,TRUE
PMS2_9.,G[C>T]G,FALSE
PMS2_9.,G[T>C]C,TRUE
PMS2_9.,G[C>T]C,FALSE
PMS2_9.,T[C>T]T,FALSE
PMS2_9.,G[T>G]G,TRUE
PMS2_9.,G[C>T]C,TRUE
PMS2_9.,C[C>T]A,FALSE
PMS2_9.,T[C>A]A,TRUE
PMS2_9.,T[C>A]T,FALSE
PMS2_9.,A[C>T]G,TRUE
PMS2_9.,C[T>C]G,FALSE
PMS2_9.,T[C>T]C,FALSE
PMS2_9.,A[C>T]G,TRUE
PMS2_9.,T[C>T]G,FALSE
PMS2_9.,G[C>T]T,TRUE
PMS2_9.,G[C>T]C,TRUE
PMS2_9.,C[C>A]T,FALSE
PMS2_9.,A[C>T]G,TRUE
PMS2_9.,T[C>T]C,TRUE
PMS2_9.,G[C>T]C,TRUE
PMS2_9.,T[C>A]T,FALSE
PMS2_9.,G[C>T]G,FALSE
PMS2_9.,T[C>T]C,TRUE
PMS2_9.,C[C>T]G,FALSE
PMS2_9.,G[T>C]T,TRUE
PMS2_9.,G[C>T]G,TRUE
PMS2_9.,C[C>T]G,FALSE
PMS2_9.,T[C>A]C,TRUE
PMS2_9.,T[C>T]C,TRUE
PMS2_9.,T[C>T]A,FALSE
PMS2_9.,G[T>C]T,TRUE
PMS2_9.,G[C>T]C,TRUE
PMS2_9.,G[C>A]T,TRUE
PMS2_9.,G[C>T]C,TRUE
PMS2_9.,A[C>T]T,TRUE
PMS2_9.,C[C>T]G,TRUE
PMS2_9.,T[C>T]G,FALSE
PMS2_9.,A[C>T]G,TRUE
PMS2_9.,A[C>T]C,FALSE
PMS2_9.,G[C>T]G,TRUE
PMS2_9.,G[C>T]A,TRUE
PMS2_9.,T[T>A]T,TRUE
PMS2_9.,A[C>T]G,TRUE
PMS2_9.,C[C>A]T,FALSE
PMS2_9.,G[C>T]T,TRUE
PMS2_9.,T[C>A]T,TRUE
PMS2_9.,T[C>T]C,TRUE
PMS2_9.,T[T>C]T,TRUE
PMS2_9.,T[C>T]C,TRUE
PMS2_9.,T[C>T]G,TRUE
PMS2_9.,T[C>T]G,TRUE
PMS2_9.,C[C>T]C,TRUE
PMS2_9.,G[C>T]G,TRUE
PMS2_9.,A[C>T]G,TRUE
PMS2_9.,A[C>T]G,TRUE
PMS2_9.,T[C>T]C,FALSE
PMS2_9.,G[T>G]T,FALSE
PMS2_9.,G[C>T]G,FALSE
PMS2_9.,A[T>C]T,TRUE
PMS2_9.,T[C>T]T,TRUE
PMS2_9.,C[C>A]T,TRUE
PMS2_9.,C[C>T]T,FALSE
PMS2_9.,G[T>C]T,TRUE
PMS2_9.,T[C>A]T,TRUE
PMS2_9.,G[C>T]A,TRUE
PMS2_9.,T[T>C]A,TRUE
PMS2_9.,T[C>T]C,FALSE
PMS2_9.,A[C>T]G,FALSE
PMS2_9.,G[C>T]C,FALSE
PMS2_9.,C[C>A]T,TRUE
PMS2_9.,C[C>A]T,TRUE
PMS2_9.,G[C>T]A,TRUE
PMS2_9.,G[C>T]G,TRUE
PMS2_9.,A[C>T]G,TRUE
PMS2_9.,A[C>T]T,FALSE
PMS2_9.,T[C>T]G,TRUE
PMS2_9.,G[C>T]G,TRUE
PMS2_9.,T[C>A]T,FALSE
PMS2_9.,A[C>A]T,TRUE
PMS2_9.,T[T>G]C,FALSE
PMS2_9.,T[C>T]G,TRUE
PMS2_9.,C[T>C]C,TRUE
PMS2_9.,C[T>C]T,FALSE
PMS2_9.,T[C>T]T,TRUE
PMS2_9.,T[C>A]T,TRUE
PMS2_9.,C[C>T]G,FALSE
PMS2_9.,T[C>T]G,TRUE
PMS2_9.,A[C>T]G,TRUE
PMS2_9.,G[C>A]T,TRUE
PMS2_9.,C[C>T]G,TRUE
PMS2_9.,T[C>T]G,TRUE
PMS2_9.,G[C>T]C,FALSE
PMS2_9.,C[C>T]G,TRUE
PMS2_9.,A[C>T]T,TRUE
PMS2_9.,G[C>T]G,TRUE
PMS2_9.,A[C>T]G,FALSE
PMS2_9.,G[T>C]A,TRUE
PMS2_9.,A[C>T]G,FALSE
PMS2_9.,A[T>C]G,TRUE
PMS2_9.,G[C>T]G,FALSE
PMS2_9.,G[C>T]C,TRUE
PMS2_9.,G[C>T]A,FALSE
PMS2_9.,G[C>T]G,TRUE
PMS2_9.,G[C>T]T,TRUE
PMS2_9.,A[C>T]T,FALSE
PMS2_9.,T[T>C]T,TRUE
PMS2_9.,T[C>T]G,FALSE
PMS2_9.,A[T>C]T,TRUE
PMS2_9.,T[C>T]G,TRUE
PMS2_9.,A[C>T]C,FALSE
PMS2_9.,C[C>T]T,TRUE
PMS2_9.,A[C>T]T,TRUE
PMS2_9.,A[T>C]G,FALSE
PMS2_9.,C[C>T]A,TRUE
PMS2_9.,C[C>T]T,FALSE
PMS2_9.,T[C>T]G,TRUE
PMS2_9.,A[C>T]G,TRUE
PMS2_9.,T[C>T]G,TRUE
PMS2_9.,G[C>T]G,TRUE
PMS2_9.,A[C>T]G,TRUE
PMS2_9.,T[C>T]G,FALSE
PMS2_9.,T[C>T]G,FALSE
PMS2_9.,C[C>A]T,TRUE
PMS2_9.,A[C>T]G,TRUE
PMS2_9.,G[C>T]G,FALSE
PMS2_9.,G[C>T]C,TRUE
PMS2_9.,G[C>T]T,FALSE
PMS2_9.,G[C>T]G,TRUE
PMS2_9.,A[C>T]G,TRUE
PMS2_9.,A[C>T]G,TRUE
PMS2_9.,G[C>T]G,FALSE
PMS2_9.,T[C>T]G,FALSE
PMS2_9.,G[C>T]G,TRUE
PMS2_9.,G[C>T]G,TRUE
PMS2_9.,G[C>T]T,FALSE
PMS2_9.,T[C>T]G,FALSE
PMS2_9.,A[T>G]G,TRUE
PMS2_9.,T[T>G]T,TRUE
PMS2_9.,C[C>T]G,TRUE
PMS2_9.,T[C>T]G,FALSE
PMS2_9.,A[C>T]G,TRUE
PMS2_9.,T[C>T]G,TRUE
PMS2_9.,A[T>C]C,TRUE
PMS2_9.,G[C>T]G,TRUE
PMS2_9.,T[C>A]T,FALSE
PMS2_9.,G[C>T]G,TRUE
PMS2_9.,T[C>T]G,TRUE
PMS2_9.,C[C>T]A,FALSE
PMS2_9.,A[C>T]C,TRUE
PMS2_9.,A[C>T]G,TRUE
PMS2_9.,G[T>C]T,TRUE
PMS2_9.,C[C>T]G,TRUE
PMS2_9.,T[C>T]G,TRUE
PMS2_9.,T[C>T]G,TRUE
PMS2_9.,A[T>C]T,TRUE
PMS2_9.,G[C>T]G,FALSE
PMS2_9.,A[C>T]A,TRUE
PMS2_9.,A[C>T]G,FALSE
PMS2_9.,G[C>T]G,TRUE
PMS2_9.,G[C>T]G,TRUE
PMS2_9.,T[C>A]T,TRUE
PMS2_9.,T[C>T]G,TRUE
PMS2_9.,C[C>T]G,TRUE
PMS2_9.,G[T>C]C,FALSE
PMS2_9.,A[C>T]G,FALSE
PMS2_9.,A[C>T]G,FALSE
PMS2_9.,A[C>T]G,TRUE
PMS2_9.,C[C>T]A,FALSE
PMS2_9.,G[T>C]T,FALSE
PMS2_9.,T[C>A]T,TRUE
PMS2_9.,G[T>C]T,TRUE
PMS2_9.,C[C>T]G,TRUE
PMS2_9.,G[T>C]C,TRUE
PMS2_9.,T[C>T]G,TRUE
PMS2_9.,G[C>T]G,FALSE
PMS2_9.,C[C>T]G,TRUE
PMS2_9.,C[C>T]G,TRUE
PMS2_9.,C[C>T]C,FALSE
PMS2_9.,G[C>A]A,FALSE
PMS2_9.,A[T>G]G,FALSE
PMS2_9.,A[C>A]T,TRUE
PMS2_9.,G[C>T]G,TRUE
PMS2_9.,T[C>A]T,TRUE
PMS2_9.,T[C>T]T,FALSE
PMS2_9.,C[T>C]G,FALSE
PMS2_9.,G[C>T]G,TRUE
PMS2_9.,T[C>T]T,TRUE
PMS2_9.,G[C>A]C,FALSE
PMS2_9.,G[T>G]G,FALSE
PMS2_9.,C[C>T]A,FALSE
PMS2_9.,T[C>T]T,TRUE
PMS2_9.,C[C>T]G,FALSE
PMS2_9.,A[C>T]G,FALSE
PMS2_9.,G[C>T]G,TRUE
PMS2_9.,G[C>A]C,TRUE
PMS2_9.,G[C>T]G,FALSE
PMS2_9.,T[T>G]T,TRUE
PMS2_9.,A[C>T]A,TRUE
PMS2_9.,G[C>A]A,TRUE
PMS2_9.,G[T>C]T,TRUE
PMS2_9.,G[C>T]G,TRUE
PMS2_9.,T[C>T]G,TRUE
PMS2_9.,G[T>A]T,FALSE
PMS2_9.,A[C>T]T,TRUE
PMS2_9.,A[T>G]T,FALSE
PMS2_9.,C[C>A]T,TRUE
PMS2_9.,G[C>T]G,TRUE
PMS2_9.,T[C>T]T,TRUE
PMS2_9.,T[T>G]C,TRUE
PMS2_9.,C[T>C]T,FALSE
PMS2_9.,T[T>C]C,TRUE
PMS2_9.,T[C>T]C,FALSE
PMS2_9.,T[C>T]T,FALSE
PMS2_9.,G[C>T]G,FALSE
PMS2_9.,A[T>G]A,TRUE
PMS2_9.,T[C>T]G,TRUE
PMS2_9.,T[T>C]G,TRUE
PMS2_9.,G[T>A]G,FALSE
PMS2_9.,G[C>T]T,TRUE
PMS2_9.,G[C>T]G,TRUE
PMS2_9.,C[C>A]T,TRUE
PMS2_9.,G[C>T]G,TRUE
PMS2_9.,T[C>A]T,TRUE
PMS2_9.,A[C>T]G,TRUE
PMS2_9.,G[C>T]C,FALSE
PMS2_9.,A[C>T]T,FALSE
PMS2_9.,T[C>T]G,TRUE
PMS2_9.,A[C>T]G,TRUE
PMS2_9.,G[C>T]G,TRUE
PMS2_9.,A[C>T]G,TRUE
PMS2_9.,C[C>T]A,FALSE
PMS2_9.,A[C>T]T,TRUE
PMS2_9.,A[C>T]G,TRUE
PMS2_9.,A[C>T]G,TRUE
PMS2_9.,G[C>T]G,FALSE
PMS2_9.,A[C>T]C,TRUE
PMS2_9.,C[C>A]T,FALSE
PMS2_9.,A[C>T]C,TRUE
PMS2_9.,A[C>T]G,FALSE
PMS2_9.,G[C>T]C,FALSE
PMS2_9.,A[C>T]G,FALSE
PMS2_9.,T[C>T]A,FALSE
PMS2_9.,G[C>T]G,FALSE
PMS2_9.,G[T>G]T,TRUE
PMS2_9.,C[C>T]G,FALSE
PMS2_9.,T[C>T]C,FALSE
PMS2_9.,T[C>T]A,FALSE
PMS2_9.,T[C>T]G,TRUE
PMS2_9.,C[C>T]G,TRUE
PMS2_9.,C[C>T]G,TRUE
PMS2_9.,G[C>A]T,TRUE
PMS2_9.,C[T>G]C,TRUE
PMS2_9.,T[T>C]G,TRUE
PMS2_9.,T[C>A]T,TRUE
PMS2_9.,T[C>A]T,FALSE
PMS2_9.,T[T>C]C,TRUE
PMS2_9.,A[C>T]G,FALSE
PMS2_9.,T[C>T]T,TRUE
PMS2_9.,A[C>A]C,TRUE
PMS2_9.,T[T>G]T,TRUE
PMS2_9.,C[C>T]C,TRUE
PMS2_9.,G[C>T]C,TRUE
PMS2_9.,G[C>T]G,TRUE
PMS2_9.,A[C>A]T,TRUE
PMS2_9.,T[T>G]T,TRUE
PMS2_9.,C[C>A]T,TRUE
PMS2_9.,G[C>T]G,TRUE
PMS2_9.,G[C>T]G,TRUE
PMS2_9.,A[C>T]G,TRUE
PMS2_9.,C[C>T]C,TRUE
PMS2_9.,G[C>T]G,TRUE
PMS2_9.,G[C>T]G,TRUE
PMS2_9.,T[C>T]T,TRUE
PMS2_9.,G[C>A]T,TRUE
PMS2_9.,A[C>T]G,TRUE
PMS2_9.,G[C>T]G,TRUE
PMS2_9.,G[C>A]T,TRUE
PMS2_9.,A[C>T]G,TRUE
PMS2_9.,T[C>T]G,TRUE
PMS2_9.,C[C>T]G,TRUE
PMS2_9.,A[T>C]C,TRUE
PMS2_9.,T[C>T]G,TRUE
PMS2_9.,G[C>T]G,TRUE
PMS2_9.,G[C>T]G,TRUE
PMS2_9.,C[C>T]G,TRUE
PMS2_9.,G[C>T]C,TRUE
PMS2_9.,T[C>T]G,FALSE
PMS2_9.,T[C>T]T,TRUE
PMS2_9.,A[C>T]G,FALSE
PMS2_9.,C[C>T]T,FALSE
PMS2_9.,T[C>T]G,TRUE
PMS2_9.,A[C>T]G,TRUE
PMS2_9.,G[C>T]G,FALSE
PMS2_9.,G[T>C]T,FALSE
PMS2_9.,C[T>C]T,FALSE
PMS2_9.,C[C>T]A,FALSE
PMS2_9.,C[T>C]A,TRUE
PMS2_9.,G[C>T]G,TRUE
PMS2_9.,T[C>A]T,FALSE
PMS2_9.,G[C>T]G,TRUE
PMS2_9.,G[C>T]T,FALSE
PMS2_9.,T[C>T]T,TRUE
PMS2_9.,T[C>T]C,FALSE
PMS2_9.,T[C>T]G,TRUE
PMS2_9.,C[C>T]G,TRUE
PMS2_9.,A[C>A]T,TRUE
PMS2_9.,G[C>T]G,TRUE
PMS2_9.,G[C>T]G,TRUE
PMS2_9.,T[C>T]G,FALSE
PMS2_9.,G[C>T]C,TRUE
PMS2_9.,G[C>T]T,TRUE
PMS2_9.,C[C>T]T,TRUE
PMS2_9.,G[C>T]G,TRUE
PMS2_9.,T[C>T]A,FALSE
PMS2_9.,g[C>T]c,FALSE
PMS2_9.,T[C>T]G,TRUE
PMS2_9.,G[C>T]G,TRUE
PMS2_9.,G[T>C]C,TRUE
PMS2_9.,G[C>T]C,TRUE
PMS2_9.,T[C>A]T,TRUE
PMS2_9.,T[C>T]C,TRUE
PMS2_9.,G[C>T]G,TRUE
PMS2_9.,G[C>T]A,FALSE
PMS2_9.,A[C>T]G,FALSE
PMS2_9.,G[C>A]T,TRUE
PMS2_9.,T[C>T]C,TRUE
PMS2_9.,G[C>T]C,FALSE
PMS2_9.,T[T>G]T,TRUE
PMS2_9.,T[C>T]G,TRUE
PMS2_9.,G[C>T]G,TRUE
